path,classification,label
0_0_BassariscusAstutus_01.JPG,1,BASSSEISCUS_ASTUTUS
0_0_BassariscusAstutus_03.JPG,1,BASSSEISCUS_ASTUTUS
0_0_BassariscusAstutus_07.JPG,1,BASSSEISCUS_ASTUTUS
0_0_BassariscusAstutus_09.JPG,1,BASSSEISCUS_ASTUTUS
0_0_BassariscusAstutus_107.JPG,1,BASSSEISCUS_ASTUTUS
0_0_BassariscusAstutus_108.JPG,1,BASSSEISCUS_ASTUTUS
0_1_BassariscusAstutus_108.JPG,1,BASSSEISCUS_ASTUTUS
0_0_BassariscusAstutus_11.JPG,1,BASSSEISCUS_ASTUTUS
0_0_BassariscusAstutus_117.JPG,1,BASSSEISCUS_ASTUTUS
0_1_BassariscusAstutus_117.JPG,1,BASSSEISCUS_ASTUTUS
0_2_BassariscusAstutus_117.JPG,1,BASSSEISCUS_ASTUTUS
0_3_BassariscusAstutus_117.JPG,1,BASSSEISCUS_ASTUTUS
0_0_BassariscusAstutus_129.JPG,1,BASSSEISCUS_ASTUTUS
0_0_BassariscusAstutus_13.JPG,1,BASSSEISCUS_ASTUTUS
0_1_BassariscusAstutus_13.JPG,1,BASSSEISCUS_ASTUTUS
0_0_BassariscusAstutus_132.JPG,1,BASSSEISCUS_ASTUTUS
0_0_BassariscusAstutus_134.JPG,1,BASSSEISCUS_ASTUTUS
0_0_BassariscusAstutus_139.JPG,1,BASSSEISCUS_ASTUTUS
0_0_BassariscusAstutus_15.JPG,1,BASSSEISCUS_ASTUTUS
0_0_BassariscusAstutus_150.JPG,1,BASSSEISCUS_ASTUTUS
0_0_BassariscusAstutus_23.JPG,1,BASSSEISCUS_ASTUTUS
0_0_BassariscusAstutus_24.JPG,1,BASSSEISCUS_ASTUTUS
0_0_BassariscusAstutus_26.JPG,1,BASSSEISCUS_ASTUTUS
0_1_BassariscusAstutus_26.JPG,1,BASSSEISCUS_ASTUTUS
0_0_BassariscusAstutus_30.JPG,1,BASSSEISCUS_ASTUTUS
0_0_BassariscusAstutus_34.JPG,1,BASSSEISCUS_ASTUTUS
0_0_BassariscusAstutus_36.JPG,1,BASSSEISCUS_ASTUTUS
0_0_BassariscusAstutus_37.JPG,1,BASSSEISCUS_ASTUTUS
0_0_BassariscusAstutus_38.JPG,1,BASSSEISCUS_ASTUTUS
0_0_BassariscusAstutus_42.JPG,1,BASSSEISCUS_ASTUTUS
0_1_BassariscusAstutus_42.JPG,1,BASSSEISCUS_ASTUTUS
0_0_BassariscusAstutus_61.JPG,1,BASSSEISCUS_ASTUTUS
0_1_BassariscusAstutus_61.JPG,1,BASSSEISCUS_ASTUTUS
0_0_BassariscusAstutus_62.JPG,1,BASSSEISCUS_ASTUTUS
0_1_BassariscusAstutus_62.JPG,1,BASSSEISCUS_ASTUTUS
0_0_BassariscusAstutus_63.JPG,1,BASSSEISCUS_ASTUTUS
0_0_BassariscusAstutus_64.JPG,1,BASSSEISCUS_ASTUTUS
0_0_BassariscusAstutus_77.JPG,1,BASSSEISCUS_ASTUTUS
0_0_BassariscusAstutus_80.JPG,1,BASSSEISCUS_ASTUTUS
0_1_BassariscusAstutus_80.JPG,1,BASSSEISCUS_ASTUTUS
0_0_BassariscusAstutus_88.JPG,1,BASSSEISCUS_ASTUTUS
0_0_BassariscusAstutus_89.JPG,1,BASSSEISCUS_ASTUTUS
0_1_BassariscusAstutus_89.JPG,1,BASSSEISCUS_ASTUTUS
0_0_BassariscusAstutus_91.JPG,1,BASSSEISCUS_ASTUTUS
0_0_ConepatusLeuconotus_01.JPG,2,CONEPATUS_LEUCONOTUS
0_0_ConepatusLeuconotus_03.JPG,2,CONEPATUS_LEUCONOTUS
0_1_ConepatusLeuconotus_03.JPG,2,CONEPATUS_LEUCONOTUS
0_0_ConepatusLeuconotus_04.JPG,2,CONEPATUS_LEUCONOTUS
0_0_ConepatusLeuconotus_05.JPG,2,CONEPATUS_LEUCONOTUS
0_0_ConepatusLeuconotus_06.JPG,2,CONEPATUS_LEUCONOTUS
0_0_ConepatusLeuconotus_07.JPG,2,CONEPATUS_LEUCONOTUS
0_0_ConepatusLeuconotus_08.JPG,2,CONEPATUS_LEUCONOTUS
0_0_ConepatusLeuconotus_10.JPG,2,CONEPATUS_LEUCONOTUS
0_0_ConepatusLeuconotus_100.JPG,2,CONEPATUS_LEUCONOTUS
0_0_ConepatusLeuconotus_102.JPG,2,CONEPATUS_LEUCONOTUS
0_0_ConepatusLeuconotus_103.JPG,2,CONEPATUS_LEUCONOTUS
0_1_ConepatusLeuconotus_103.JPG,2,CONEPATUS_LEUCONOTUS
0_0_ConepatusLeuconotus_104.JPG,2,CONEPATUS_LEUCONOTUS
0_1_ConepatusLeuconotus_104.JPG,2,CONEPATUS_LEUCONOTUS
0_0_ConepatusLeuconotus_105.JPG,2,CONEPATUS_LEUCONOTUS
0_0_ConepatusLeuconotus_106.JPG,2,CONEPATUS_LEUCONOTUS
0_0_ConepatusLeuconotus_107.JPG,2,CONEPATUS_LEUCONOTUS
0_0_ConepatusLeuconotus_108.JPG,2,CONEPATUS_LEUCONOTUS
0_0_ConepatusLeuconotus_109.JPG,2,CONEPATUS_LEUCONOTUS
0_0_ConepatusLeuconotus_110.JPG,2,CONEPATUS_LEUCONOTUS
0_0_ConepatusLeuconotus_112.JPG,2,CONEPATUS_LEUCONOTUS
0_0_ConepatusLeuconotus_116.JPG,2,CONEPATUS_LEUCONOTUS
0_0_ConepatusLeuconotus_117.JPG,2,CONEPATUS_LEUCONOTUS
0_0_ConepatusLeuconotus_13.JPG,2,CONEPATUS_LEUCONOTUS
0_0_ConepatusLeuconotus_14.JPG,2,CONEPATUS_LEUCONOTUS
0_0_ConepatusLeuconotus_15.JPG,2,CONEPATUS_LEUCONOTUS
0_0_ConepatusLeuconotus_16.JPG,2,CONEPATUS_LEUCONOTUS
0_0_ConepatusLeuconotus_17.JPG,2,CONEPATUS_LEUCONOTUS
0_1_ConepatusLeuconotus_17.JPG,2,CONEPATUS_LEUCONOTUS
0_0_ConepatusLeuconotus_18.JPG,2,CONEPATUS_LEUCONOTUS
0_0_ConepatusLeuconotus_22.JPG,2,CONEPATUS_LEUCONOTUS
0_0_ConepatusLeuconotus_23.JPG,2,CONEPATUS_LEUCONOTUS
0_0_ConepatusLeuconotus_25.JPG,2,CONEPATUS_LEUCONOTUS
0_0_ConepatusLeuconotus_26.JPG,2,CONEPATUS_LEUCONOTUS
0_0_ConepatusLeuconotus_28.JPG,2,CONEPATUS_LEUCONOTUS
0_0_ConepatusLeuconotus_29.JPG,2,CONEPATUS_LEUCONOTUS
0_0_ConepatusLeuconotus_32.JPG,2,CONEPATUS_LEUCONOTUS
0_0_ConepatusLeuconotus_35.JPG,2,CONEPATUS_LEUCONOTUS
0_0_ConepatusLeuconotus_36.JPG,2,CONEPATUS_LEUCONOTUS
0_0_ConepatusLeuconotus_37.JPG,2,CONEPATUS_LEUCONOTUS
0_0_ConepatusLeuconotus_38.JPG,2,CONEPATUS_LEUCONOTUS
0_0_ConepatusLeuconotus_44.JPG,2,CONEPATUS_LEUCONOTUS
0_0_ConepatusLeuconotus_48.JPG,2,CONEPATUS_LEUCONOTUS
0_0_ConepatusLeuconotus_50.JPG,2,CONEPATUS_LEUCONOTUS
0_0_ConepatusLeuconotus_51.JPG,2,CONEPATUS_LEUCONOTUS
0_0_ConepatusLeuconotus_52.JPG,2,CONEPATUS_LEUCONOTUS
0_0_ConepatusLeuconotus_54.JPG,2,CONEPATUS_LEUCONOTUS
0_0_ConepatusLeuconotus_55.JPG,2,CONEPATUS_LEUCONOTUS
0_0_ConepatusLeuconotus_57.JPG,2,CONEPATUS_LEUCONOTUS
0_0_ConepatusLeuconotus_58.JPG,2,CONEPATUS_LEUCONOTUS
0_0_ConepatusLeuconotus_59.JPG,2,CONEPATUS_LEUCONOTUS
0_0_ConepatusLeuconotus_60.JPG,2,CONEPATUS_LEUCONOTUS
0_0_ConepatusLeuconotus_61.JPG,2,CONEPATUS_LEUCONOTUS
0_0_ConepatusLeuconotus_63.JPG,2,CONEPATUS_LEUCONOTUS
0_0_ConepatusLeuconotus_67.JPG,2,CONEPATUS_LEUCONOTUS
0_0_ConepatusLeuconotus_71.JPG,2,CONEPATUS_LEUCONOTUS
0_0_ConepatusLeuconotus_73.JPG,2,CONEPATUS_LEUCONOTUS
0_0_ConepatusLeuconotus_74.JPG,2,CONEPATUS_LEUCONOTUS
0_0_ConepatusLeuconotus_75.JPG,2,CONEPATUS_LEUCONOTUS
0_0_ConepatusLeuconotus_77.JPG,2,CONEPATUS_LEUCONOTUS
0_0_ConepatusLeuconotus_79.JPG,2,CONEPATUS_LEUCONOTUS
0_0_ConepatusLeuconotus_80.JPG,2,CONEPATUS_LEUCONOTUS
0_0_ConepatusLeuconotus_81.JPG,2,CONEPATUS_LEUCONOTUS
0_0_ConepatusLeuconotus_82.JPG,2,CONEPATUS_LEUCONOTUS
0_0_ConepatusLeuconotus_83.JPG,2,CONEPATUS_LEUCONOTUS
0_0_ConepatusLeuconotus_85.JPG,2,CONEPATUS_LEUCONOTUS
0_0_ConepatusLeuconotus_86.JPG,2,CONEPATUS_LEUCONOTUS
0_0_ConepatusLeuconotus_87.JPG,2,CONEPATUS_LEUCONOTUS
0_0_ConepatusLeuconotus_88.JPG,2,CONEPATUS_LEUCONOTUS
0_0_ConepatusLeuconotus_89.JPG,2,CONEPATUS_LEUCONOTUS
0_0_ConepatusLeuconotus_90.JPG,2,CONEPATUS_LEUCONOTUS
0_0_ConepatusLeuconotus_92.JPG,2,CONEPATUS_LEUCONOTUS
0_0_ConepatusLeuconotus_93.JPG,2,CONEPATUS_LEUCONOTUS
0_0_ConepatusLeuconotus_96.JPG,2,CONEPATUS_LEUCONOTUS
0_0_ConepatusLeuconotus_97.JPG,2,CONEPATUS_LEUCONOTUS
0_0_DidelphisVirginiana_01.JPG,3,DIDELPHIS_VIRGINIATA
2_0_DidelphisVirginiana_03.JPG,3,DIDELPHIS_VIRGINIATA
0_0_DidelphisVirginiana_04.JPG,3,DIDELPHIS_VIRGINIATA
0_0_DidelphisVirginiana_07.JPG,3,DIDELPHIS_VIRGINIATA
0_0_DidelphisVirginiana_08.JPG,3,DIDELPHIS_VIRGINIATA
0_0_DidelphisVirginiana_106.JPG,3,DIDELPHIS_VIRGINIATA
0_0_DidelphisVirginiana_108.JPG,3,DIDELPHIS_VIRGINIATA
0_0_DidelphisVirginiana_109.JPG,3,DIDELPHIS_VIRGINIATA
0_0_DidelphisVirginiana_111.JPG,3,DIDELPHIS_VIRGINIATA
0_0_DidelphisVirginiana_115.JPG,3,DIDELPHIS_VIRGINIATA
0_0_DidelphisVirginiana_116.JPG,3,DIDELPHIS_VIRGINIATA
0_0_DidelphisVirginiana_119.JPG,3,DIDELPHIS_VIRGINIATA
0_0_DidelphisVirginiana_120.JPG,3,DIDELPHIS_VIRGINIATA
0_0_DidelphisVirginiana_121.JPG,3,DIDELPHIS_VIRGINIATA
0_0_DidelphisVirginiana_122.JPG,3,DIDELPHIS_VIRGINIATA
0_0_DidelphisVirginiana_125.JPG,3,DIDELPHIS_VIRGINIATA
0_0_DidelphisVirginiana_126.JPG,3,DIDELPHIS_VIRGINIATA
0_0_DidelphisVirginiana_127.JPG,3,DIDELPHIS_VIRGINIATA
0_0_DidelphisVirginiana_13.JPG,3,DIDELPHIS_VIRGINIATA
0_0_DidelphisVirginiana_130.JPG,3,DIDELPHIS_VIRGINIATA
0_0_DidelphisVirginiana_131.JPG,3,DIDELPHIS_VIRGINIATA
0_0_DidelphisVirginiana_137.JPG,3,DIDELPHIS_VIRGINIATA
0_0_DidelphisVirginiana_14.JPG,3,DIDELPHIS_VIRGINIATA
0_1_DidelphisVirginiana_14.JPG,3,DIDELPHIS_VIRGINIATA
0_0_DidelphisVirginiana_142.JPG,3,DIDELPHIS_VIRGINIATA
0_1_DidelphisVirginiana_142.JPG,3,DIDELPHIS_VIRGINIATA
0_0_DidelphisVirginiana_146.JPG,3,DIDELPHIS_VIRGINIATA
0_0_DidelphisVirginiana_148.JPG,3,DIDELPHIS_VIRGINIATA
0_1_DidelphisVirginiana_148.JPG,3,DIDELPHIS_VIRGINIATA
0_2_DidelphisVirginiana_148.JPG,3,DIDELPHIS_VIRGINIATA
0_0_DidelphisVirginiana_15.JPG,3,DIDELPHIS_VIRGINIATA
0_1_DidelphisVirginiana_15.JPG,3,DIDELPHIS_VIRGINIATA
0_0_DidelphisVirginiana_150.JPG,3,DIDELPHIS_VIRGINIATA
0_0_DidelphisVirginiana_17.JPG,3,DIDELPHIS_VIRGINIATA
0_1_DidelphisVirginiana_17.JPG,3,DIDELPHIS_VIRGINIATA
0_0_DidelphisVirginiana_19.JPG,3,DIDELPHIS_VIRGINIATA
0_0_DidelphisVirginiana_20.JPG,3,DIDELPHIS_VIRGINIATA
0_0_DidelphisVirginiana_21.JPG,3,DIDELPHIS_VIRGINIATA
0_0_DidelphisVirginiana_23.JPG,3,DIDELPHIS_VIRGINIATA
0_1_DidelphisVirginiana_23.JPG,3,DIDELPHIS_VIRGINIATA
0_0_DidelphisVirginiana_24.JPG,3,DIDELPHIS_VIRGINIATA
0_1_DidelphisVirginiana_24.JPG,3,DIDELPHIS_VIRGINIATA
0_0_DidelphisVirginiana_26.JPG,3,DIDELPHIS_VIRGINIATA
0_0_DidelphisVirginiana_29.JPG,3,DIDELPHIS_VIRGINIATA
0_0_DidelphisVirginiana_31.JPG,3,DIDELPHIS_VIRGINIATA
0_0_DidelphisVirginiana_33.JPG,3,DIDELPHIS_VIRGINIATA
0_1_DidelphisVirginiana_33.JPG,3,DIDELPHIS_VIRGINIATA
0_0_DidelphisVirginiana_36.JPG,3,DIDELPHIS_VIRGINIATA
0_0_DidelphisVirginiana_38.JPG,3,DIDELPHIS_VIRGINIATA
0_0_DidelphisVirginiana_42.JPG,3,DIDELPHIS_VIRGINIATA
0_0_DidelphisVirginiana_47.JPG,3,DIDELPHIS_VIRGINIATA
0_0_DidelphisVirginiana_48.JPG,3,DIDELPHIS_VIRGINIATA
0_0_DidelphisVirginiana_51.JPG,3,DIDELPHIS_VIRGINIATA
0_0_DidelphisVirginiana_55.JPG,3,DIDELPHIS_VIRGINIATA
0_1_DidelphisVirginiana_55.JPG,3,DIDELPHIS_VIRGINIATA
0_0_DidelphisVirginiana_56.JPG,3,DIDELPHIS_VIRGINIATA
0_0_DidelphisVirginiana_57.JPG,3,DIDELPHIS_VIRGINIATA
0_1_DidelphisVirginiana_57.JPG,3,DIDELPHIS_VIRGINIATA
0_0_DidelphisVirginiana_58.JPG,3,DIDELPHIS_VIRGINIATA
0_1_DidelphisVirginiana_58.JPG,3,DIDELPHIS_VIRGINIATA
0_0_DidelphisVirginiana_61.JPG,3,DIDELPHIS_VIRGINIATA
0_0_DidelphisVirginiana_62.JPG,3,DIDELPHIS_VIRGINIATA
0_0_DidelphisVirginiana_64.JPG,3,DIDELPHIS_VIRGINIATA
0_0_DidelphisVirginiana_65.JPG,3,DIDELPHIS_VIRGINIATA
0_0_DidelphisVirginiana_66.JPG,3,DIDELPHIS_VIRGINIATA
0_0_DidelphisVirginiana_67.JPG,3,DIDELPHIS_VIRGINIATA
0_0_DidelphisVirginiana_68.JPG,3,DIDELPHIS_VIRGINIATA
0_0_DidelphisVirginiana_69.JPG,3,DIDELPHIS_VIRGINIATA
0_0_DidelphisVirginiana_75.JPG,3,DIDELPHIS_VIRGINIATA
0_0_DidelphisVirginiana_78.JPG,3,DIDELPHIS_VIRGINIATA
0_1_DidelphisVirginiana_78.JPG,3,DIDELPHIS_VIRGINIATA
0_0_DidelphisVirginiana_79.JPG,3,DIDELPHIS_VIRGINIATA
1_0_DidelphisVirginiana_81.JPG,3,DIDELPHIS_VIRGINIATA
0_1_DidelphisVirginiana_81.JPG,3,DIDELPHIS_VIRGINIATA
0_0_DidelphisVirginiana_83.JPG,3,DIDELPHIS_VIRGINIATA
0_0_DidelphisVirginiana_84.JPG,3,DIDELPHIS_VIRGINIATA
1_0_DidelphisVirginiana_87.JPG,3,DIDELPHIS_VIRGINIATA
0_0_DidelphisVirginiana_90.JPG,3,DIDELPHIS_VIRGINIATA
0_0_DidelphisVirginiana_92.JPG,3,DIDELPHIS_VIRGINIATA
0_0_DidelphisVirginiana_95.JPG,3,DIDELPHIS_VIRGINIATA
0_0_DidelphisVirginiana_99.JPG,3,DIDELPHIS_VIRGINIATA
0_0_I_00001a (2).JPG,9,ODOCOILEUS_VIRGINIANUS
0_0_I_00001a.JPG,9,ODOCOILEUS_VIRGINIANUS
0_0_I_00001b (2).JPG,9,ODOCOILEUS_VIRGINIANUS
0_0_I_00001b.JPG,9,ODOCOILEUS_VIRGINIANUS
0_0_I_00002a (2).JPG,15,UROCYON_CINEREORGENTEUS
0_0_I_00002a.JPG,15,UROCYON_CINEREORGENTEUS
0_0_I_00002b (2).JPG,15,UROCYON_CINEREORGENTEUS
0_0_I_00002b.JPG,15,UROCYON_CINEREORGENTEUS
0_0_I_00003a.JPG,9,ODOCOILEUS_VIRGINIANUS
0_0_I_00003b.JPG,9,ODOCOILEUS_VIRGINIANUS
0_0_I_00004a (4).JPG,0,AVES
0_0_I_00004a.JPG,0,AVES
0_0_I_00004b (2).JPG,0,AVES
0_0_I_00004b.JPG,9,ODOCOILEUS_VIRGINIANUS
0_0_I_00004c.JPG,9,ODOCOILEUS_VIRGINIANUS
0_0_I_00006a (2).JPG,0,AVES
0_0_I_00006a (3).JPG,0,AVES
0_1_I_00006a (3).JPG,0,AVES
0_0_I_00006a - copia.JPG,0,AVES
0_1_I_00006a - copia.JPG,0,AVES
0_0_I_00006a.JPG,9,ODOCOILEUS_VIRGINIANUS
0_1_I_00006a.JPG,9,ODOCOILEUS_VIRGINIANUS
0_2_I_00006a.JPG,9,ODOCOILEUS_VIRGINIANUS
0_0_I_00006b.JPG,9,ODOCOILEUS_VIRGINIANUS
0_1_I_00006b.JPG,9,ODOCOILEUS_VIRGINIANUS
0_2_I_00006b.JPG,9,ODOCOILEUS_VIRGINIANUS
0_3_I_00006b.JPG,9,ODOCOILEUS_VIRGINIANUS
0_0_I_00006c.JPG,6,LYNX_RUFUS
0_0_I_00007a (2).JPG,0,AVES
0_0_I_00007a (3).JPG,0,AVES
0_0_I_00007a (4).JPG,0,AVES
0_0_I_00007a (5).JPG,0,AVES
0_1_I_00007a (5).JPG,0,AVES
0_0_I_00007a - copia.JPG,0,AVES
0_1_I_00007a - copia.JPG,0,AVES
0_0_I_00007a.JPG,9,ODOCOILEUS_VIRGINIANUS
0_1_I_00007a.JPG,9,ODOCOILEUS_VIRGINIANUS
0_0_I_00007b (2).JPG,0,AVES
0_0_I_00007b (3).JPG,0,AVES
0_0_I_00007b (4).JPG,0,AVES
0_0_I_00007b - copia.JPG,0,AVES
0_0_I_00007b.JPG,9,ODOCOILEUS_VIRGINIANUS
0_1_I_00007b.JPG,9,ODOCOILEUS_VIRGINIANUS
0_0_I_00007c (2).JPG,0,AVES
0_0_I_00007c.JPG,0,AVES
0_0_I_00008a (2).JPG,0,AVES
0_0_I_00008a - copia.JPG,0,AVES
0_0_I_00008a.JPG,9,ODOCOILEUS_VIRGINIANUS
0_0_I_00008b (2).JPG,0,AVES
0_0_I_00008b - copia.JPG,0,AVES
0_0_I_00008b.JPG,0,AVES
0_0_I_00009a (5).JPG,0,AVES
0_0_I_00009a - copia.JPG,0,AVES
0_0_I_00009a.JPG,9,ODOCOILEUS_VIRGINIANUS
0_0_I_00009b (4).JPG,0,AVES
0_0_I_00009b.JPG,9,ODOCOILEUS_VIRGINIANUS
0_1_I_00009b.JPG,9,ODOCOILEUS_VIRGINIANUS
0_0_I_00010a (4).JPG,0,AVES
0_1_I_00010a (4).JPG,0,AVES
0_2_I_00010a (4).JPG,0,AVES
0_0_I_00010a.JPG,9,ODOCOILEUS_VIRGINIANUS
0_0_I_00010b.JPG,9,ODOCOILEUS_VIRGINIANUS
0_1_I_00010b.JPG,9,ODOCOILEUS_VIRGINIANUS
0_0_I_00011a.JPG,10,PECARI_TAJACU
0_1_I_00011a.JPG,10,PECARI_TAJACU
0_2_I_00011a.JPG,10,PECARI_TAJACU
0_3_I_00011a.JPG,10,PECARI_TAJACU
0_4_I_00011a.JPG,10,PECARI_TAJACU
0_0_I_00011b.JPG,10,PECARI_TAJACU
0_1_I_00011b.JPG,10,PECARI_TAJACU
0_2_I_00011b.JPG,10,PECARI_TAJACU
0_0_I_00012a (2).JPG,9,ODOCOILEUS_VIRGINIANUS
0_0_I_00012a (3).JPG,0,AVES
0_0_I_00012a.JPG,10,PECARI_TAJACU
0_0_I_00012b.JPG,10,PECARI_TAJACU
0_0_I_00013a (2).JPG,9,ODOCOILEUS_VIRGINIANUS
0_0_I_00013a (3).JPG,0,AVES
0_0_I_00013a.JPG,0,AVES
0_1_I_00013a.JPG,0,AVES
0_0_I_00013b (2).JPG,9,ODOCOILEUS_VIRGINIANUS
0_0_I_00013b (3).JPG,0,AVES
0_0_I_00013b.JPG,0,AVES
0_1_I_00013b.JPG,0,AVES
0_0_I_00015a (2).JPG,0,AVES
0_0_I_00015a (3).JPG,0,AVES
0_0_I_00015a.JPG,9,ODOCOILEUS_VIRGINIANUS
0_0_I_00015b (2).JPG,0,AVES
0_0_I_00015b (3).JPG,0,AVES
0_0_I_00015b.JPG,9,ODOCOILEUS_VIRGINIANUS
0_1_I_00015b.JPG,9,ODOCOILEUS_VIRGINIANUS
0_0_I_00015c (2).JPG,0,AVES
0_0_I_00015c.JPG,0,AVES
0_1_I_00015c.JPG,0,AVES
0_0_I_00016a (2).JPG,0,AVES
0_0_I_00016a.JPG,9,ODOCOILEUS_VIRGINIANUS
0_0_I_00016b.JPG,9,ODOCOILEUS_VIRGINIANUS
0_0_I_00017a (2).JPG,0,AVES
0_0_I_00017a.JPG,9,ODOCOILEUS_VIRGINIANUS
0_0_I_00017b.JPG,9,ODOCOILEUS_VIRGINIANUS
0_0_I_00018a (2).JPG,0,AVES
0_0_I_00018b (2).JPG,0,AVES
0_0_I_00019a (3).JPG,0,AVES
0_0_I_00019a.JPG,9,ODOCOILEUS_VIRGINIANUS
0_0_I_00020a (2).JPG,0,AVES
0_0_I_00020a (3).JPG,9,ODOCOILEUS_VIRGINIANUS
0_0_I_00020a.JPG,0,AVES
0_0_I_00020b.JPG,0,AVES
0_0_I_00021a (2).JPG,0,AVES
0_0_I_00021a.JPG,0,AVES
0_0_I_00021b.JPG,0,AVES
0_1_I_00021b.JPG,0,AVES
0_0_I_00022a (2).JPG,9,ODOCOILEUS_VIRGINIANUS
0_0_I_00022a (3).JPG,9,ODOCOILEUS_VIRGINIANUS
0_0_I_00022a - copia.JPG,15,UROCYON_CINEREORGENTEUS
0_0_I_00022a.JPG,0,AVES
0_0_I_00022b - copia.JPG,15,UROCYON_CINEREORGENTEUS
0_0_I_00023a.JPG,9,ODOCOILEUS_VIRGINIANUS
0_0_I_00024a (2).JPG,0,AVES
0_0_I_00024a (3).JPG,9,ODOCOILEUS_VIRGINIANUS
0_0_I_00024a.JPG,10,PECARI_TAJACU
0_0_I_00024b (2).JPG,0,AVES
0_0_I_00024b (3).JPG,0,AVES
0_0_I_00024b.JPG,0,AVES
0_0_I_00024c.JPG,0,AVES
0_0_I_00025a.JPG,10,PECARI_TAJACU
0_0_I_00025b.JPG,10,PECARI_TAJACU
0_0_I_00026a.JPG,10,PECARI_TAJACU
0_1_I_00026a.JPG,10,PECARI_TAJACU
0_0_I_00026b.JPG,0,AVES
0_1_I_00026b.JPG,0,AVES
0_0_I_00026c.JPG,0,AVES
0_1_I_00026c.JPG,0,AVES
0_0_I_00027a (2).JPG,9,ODOCOILEUS_VIRGINIANUS
0_0_I_00027a.JPG,0,AVES
0_0_I_00027b (2).JPG,9,ODOCOILEUS_VIRGINIANUS
0_0_I_00027b.JPG,0,AVES
0_0_I_00027c.JPG,0,AVES
0_0_I_00028a (2).JPG,9,ODOCOILEUS_VIRGINIANUS
0_0_I_00028a.JPG,9,ODOCOILEUS_VIRGINIANUS
0_0_I_00028b (2).JPG,9,ODOCOILEUS_VIRGINIANUS
0_0_I_00028b.JPG,9,ODOCOILEUS_VIRGINIANUS
0_0_I_00028c.JPG,9,ODOCOILEUS_VIRGINIANUS
0_0_I_00029b.JPG,10,PECARI_TAJACU
0_0_I_00030a.JPG,9,ODOCOILEUS_VIRGINIANUS
0_0_I_00030b.JPG,9,ODOCOILEUS_VIRGINIANUS
0_0_I_00031a.JPG,15,UROCYON_CINEREORGENTEUS
0_0_I_00032a.JPG,10,PECARI_TAJACU
0_0_I_00033a.JPG,9,ODOCOILEUS_VIRGINIANUS
0_0_I_00033b.JPG,9,ODOCOILEUS_VIRGINIANUS
0_0_I_00034a.JPG,10,PECARI_TAJACU
0_0_I_00034b.JPG,10,PECARI_TAJACU
0_0_I_00034c.JPG,14,SYLVILAGUS_SP
0_1_I_00034c.JPG,14,SYLVILAGUS_SP
0_0_I_00035a.JPG,5,LEOPARDU_wiedii
0_1_I_00035a.JPG,5,LEOPARDU_wiedii
0_0_I_00035b.JPG,5,LEOPARDU_wiedii
0_0_I_00036a (2).JPG,0,AVES
0_1_I_00036a (2).JPG,0,AVES
0_0_I_00036a.JPG,9,ODOCOILEUS_VIRGINIANUS
0_0_I_00036b (2).JPG,0,AVES
0_0_I_00036b (3).JPG,0,AVES
0_0_I_00036b.JPG,9,ODOCOILEUS_VIRGINIANUS
0_1_I_00036b.JPG,9,ODOCOILEUS_VIRGINIANUS
0_0_I_00036c.JPG,0,AVES
0_0_I_00037a (2).JPG,9,ODOCOILEUS_VIRGINIANUS
0_0_I_00037a.JPG,0,AVES
0_1_I_00037a.JPG,0,AVES
0_0_I_00037b.JPG,0,AVES
0_1_I_00037b.JPG,0,AVES
0_0_I_00038a (2).JPG,0,AVES
0_0_I_00038a.JPG,9,ODOCOILEUS_VIRGINIANUS
0_1_I_00038a.JPG,9,ODOCOILEUS_VIRGINIANUS
0_0_I_00038b.JPG,9,ODOCOILEUS_VIRGINIANUS
0_1_I_00038b.JPG,9,ODOCOILEUS_VIRGINIANUS
0_0_I_00039a (2).JPG,0,AVES
0_0_I_00039a.JPG,0,AVES
0_1_I_00039a.JPG,0,AVES
0_0_I_00039b.JPG,0,AVES
0_1_I_00039b.JPG,0,AVES
0_0_I_00040a (2).JPG,9,ODOCOILEUS_VIRGINIANUS
0_0_I_00040a.JPG,0,AVES
0_1_I_00040a.JPG,0,AVES
0_0_I_00040b (2).JPG,9,ODOCOILEUS_VIRGINIANUS
0_0_I_00040b.JPG,0,AVES
0_0_I_00040c.JPG,9,ODOCOILEUS_VIRGINIANUS
0_0_I_00041a.JPG,9,ODOCOILEUS_VIRGINIANUS
0_0_I_00041b.JPG,9,ODOCOILEUS_VIRGINIANUS
0_0_I_00041c.JPG,14,SYLVILAGUS_SP
0_0_I_00042a.JPG,14,SYLVILAGUS_SP
0_1_I_00042a.JPG,14,SYLVILAGUS_SP
0_0_I_00042b.JPG,14,SYLVILAGUS_SP
0_1_I_00042b.JPG,14,SYLVILAGUS_SP
0_0_I_00042c.JPG,14,SYLVILAGUS_SP
0_0_I_00043a.JPG,11,PUMA_CONCOLOR
0_0_I_00043b.JPG,11,PUMA_CONCOLOR
0_0_I_00043c.JPG,14,SYLVILAGUS_SP
0_0_I_00044b.JPG,9,ODOCOILEUS_VIRGINIANUS
0_0_I_00045a.JPG,9,ODOCOILEUS_VIRGINIANUS
0_1_I_00045a.JPG,9,ODOCOILEUS_VIRGINIANUS
0_0_I_00045c.JPG,10,PECARI_TAJACU
0_0_I_00046a.JPG,10,PECARI_TAJACU
0_0_I_00046b (2).JPG,10,PECARI_TAJACU
0_1_I_00046b (2).JPG,10,PECARI_TAJACU
0_2_I_00046b (2).JPG,10,PECARI_TAJACU
0_3_I_00046b (2).JPG,10,PECARI_TAJACU
0_4_I_00046b (2).JPG,10,PECARI_TAJACU
0_5_I_00046b (2).JPG,10,PECARI_TAJACU
0_6_I_00046b (2).JPG,10,PECARI_TAJACU
0_7_I_00046b (2).JPG,10,PECARI_TAJACU
0_8_I_00046b (2).JPG,10,PECARI_TAJACU
0_9_I_00046b (2).JPG,10,PECARI_TAJACU
0_0_I_00046c.JPG,10,PECARI_TAJACU
0_1_I_00046c.JPG,10,PECARI_TAJACU
0_0_I_00048a.JPG,10,PECARI_TAJACU
0_0_I_00048b.JPG,10,PECARI_TAJACU
0_0_I_00049a.JPG,9,ODOCOILEUS_VIRGINIANUS
0_0_I_00049b.JPG,9,ODOCOILEUS_VIRGINIANUS
0_0_I_00049c.JPG,10,PECARI_TAJACU
0_1_I_00049c.JPG,10,PECARI_TAJACU
0_2_I_00049c.JPG,10,PECARI_TAJACU
0_3_I_00049c.JPG,10,PECARI_TAJACU
0_4_I_00049c.JPG,10,PECARI_TAJACU
0_5_I_00049c.JPG,10,PECARI_TAJACU
0_0_I_00050a (2).JPG,9,ODOCOILEUS_VIRGINIANUS
0_0_I_00050a.JPG,4,GANADO
0_0_I_00050b.JPG,4,GANADO
0_0_I_00050c.JPG,10,PECARI_TAJACU
0_0_I_00051a.JPG,0,AVES
0_0_I_00052a.JPG,4,GANADO
0_0_I_00052b - copia.JPG,9,ODOCOILEUS_VIRGINIANUS
0_0_I_00052b.JPG,4,GANADO
0_0_I_00052c - copia.JPG,9,ODOCOILEUS_VIRGINIANUS
0_0_I_00052c.JPG,14,SYLVILAGUS_SP
0_0_I_00053a.JPG,15,UROCYON_CINEREORGENTEUS
0_0_I_00053b.JPG,15,UROCYON_CINEREORGENTEUS
0_1_I_00053b.JPG,15,UROCYON_CINEREORGENTEUS
0_0_I_00053c.JPG,15,UROCYON_CINEREORGENTEUS
0_1_I_00053c.JPG,15,UROCYON_CINEREORGENTEUS
0_0_I_00054a.JPG,8,NASUA_NARICA
0_0_I_00055a (2).JPG,9,ODOCOILEUS_VIRGINIANUS
0_1_I_00055a (2).JPG,9,ODOCOILEUS_VIRGINIANUS
0_0_I_00055a.JPG,2,CONEPATUS_LEUCONOTUS
0_0_I_00055b.JPG,9,ODOCOILEUS_VIRGINIANUS
0_0_I_00055c.JPG,0,AVES
0_1_I_00055c.JPG,0,AVES
0_0_I_00056a (2).JPG,0,AVES
0_0_I_00056a.JPG,9,ODOCOILEUS_VIRGINIANUS
0_0_I_00056b (2).JPG,0,AVES
0_0_I_00056b.JPG,9,ODOCOILEUS_VIRGINIANUS
0_0_I_00056c.JPG,0,AVES
0_0_I_00057a - copia.JPG,15,UROCYON_CINEREORGENTEUS
0_0_I_00057a.JPG,10,PECARI_TAJACU
0_0_I_00057b - copia.JPG,15,UROCYON_CINEREORGENTEUS
0_0_I_00057b.JPG,10,PECARI_TAJACU
0_0_I_00057c - copia.JPG,15,UROCYON_CINEREORGENTEUS
0_0_I_00057c.JPG,15,UROCYON_CINEREORGENTEUS
0_0_I_00058a.JPG,9,ODOCOILEUS_VIRGINIANUS
0_0_I_00058c.JPG,11,PUMA_CONCOLOR
0_1_I_00058c.JPG,11,PUMA_CONCOLOR
0_0_I_00059a (2).JPG,0,AVES
0_0_I_00059a.JPG,9,ODOCOILEUS_VIRGINIANUS
0_0_I_00059b.JPG,9,ODOCOILEUS_VIRGINIANUS
0_0_I_00059c (2).JPG,0,AVES
0_0_I_00059c.JPG,9,ODOCOILEUS_VIRGINIANUS
0_1_I_00059c.JPG,9,ODOCOILEUS_VIRGINIANUS
0_0_I_00060b.JPG,10,PECARI_TAJACU
0_0_I_00061a - copia.JPG,10,PECARI_TAJACU
0_0_I_00062a.JPG,9,ODOCOILEUS_VIRGINIANUS
0_0_I_00062b.JPG,9,ODOCOILEUS_VIRGINIANUS
0_0_I_00063a.JPG,2,CONEPATUS_LEUCONOTUS
0_0_I_00064b.JPG,10,PECARI_TAJACU
0_0_I_00065a.JPG,11,PUMA_CONCOLOR
0_1_I_00065a.JPG,11,PUMA_CONCOLOR
0_0_I_00065b.JPG,11,PUMA_CONCOLOR
0_1_I_00065b.JPG,11,PUMA_CONCOLOR
0_0_I_00066a (2).JPG,9,ODOCOILEUS_VIRGINIANUS
0_0_I_00066a.JPG,10,PECARI_TAJACU
0_0_I_00066b (2).JPG,9,ODOCOILEUS_VIRGINIANUS
0_0_I_00066b.JPG,10,PECARI_TAJACU
0_0_I_00066c.JPG,9,ODOCOILEUS_VIRGINIANUS
0_0_I_00067a.JPG,15,UROCYON_CINEREORGENTEUS
0_0_I_00067b.JPG,10,PECARI_TAJACU
0_0_I_00069a (2).JPG,10,PECARI_TAJACU
0_0_I_00069b (2).JPG,10,PECARI_TAJACU
0_1_I_00069b (2).JPG,10,PECARI_TAJACU
0_0_I_00070a (2).JPG,10,PECARI_TAJACU
0_0_I_00070a.JPG,9,ODOCOILEUS_VIRGINIANUS
0_0_I_00070b.JPG,9,ODOCOILEUS_VIRGINIANUS
0_0_I_00071a (2).JPG,9,ODOCOILEUS_VIRGINIANUS
0_0_I_00071a.JPG,2,CONEPATUS_LEUCONOTUS
0_0_I_00071b (3).JPG,9,ODOCOILEUS_VIRGINIANUS
0_0_I_00071c.JPG,9,ODOCOILEUS_VIRGINIANUS
0_0_I_00072a.JPG,0,AVES
0_0_I_00072b.JPG,9,ODOCOILEUS_VIRGINIANUS
0_0_I_00072c.JPG,9,ODOCOILEUS_VIRGINIANUS
0_0_I_00073a (2).JPG,0,AVES
0_0_I_00073b (2).JPG,0,AVES
0_0_I_00073c.JPG,0,AVES
1_0_I_00074a (2).JPG,9,ODOCOILEUS_VIRGINIANUS
0_0_I_00074a (3).JPG,9,ODOCOILEUS_VIRGINIANUS
0_0_I_00074a.JPG,0,AVES
0_0_I_00074b.JPG,0,AVES
0_0_I_00075a.JPG,9,ODOCOILEUS_VIRGINIANUS
0_1_I_00075a.JPG,9,ODOCOILEUS_VIRGINIANUS
1_0_I_00075b.JPG,9,ODOCOILEUS_VIRGINIANUS
1_0_I_00076a.JPG,10,PECARI_TAJACU
1_0_I_00076b.JPG,10,PECARI_TAJACU
1_1_I_00076b.JPG,10,PECARI_TAJACU
1_0_I_00077a.JPG,9,ODOCOILEUS_VIRGINIANUS
1_0_I_00077b (2).JPG,9,ODOCOILEUS_VIRGINIANUS
0_0_I_00077b.JPG,9,ODOCOILEUS_VIRGINIANUS
0_1_I_00077b.JPG,9,ODOCOILEUS_VIRGINIANUS
0_0_I_00078a (2).JPG,9,ODOCOILEUS_VIRGINIANUS
1_0_I_00078a.JPG,9,ODOCOILEUS_VIRGINIANUS
0_0_I_00078b (2).JPG,9,ODOCOILEUS_VIRGINIANUS
0_0_I_00079a (2).JPG,0,AVES
0_0_I_00079a.JPG,9,ODOCOILEUS_VIRGINIANUS
0_1_I_00079a.JPG,9,ODOCOILEUS_VIRGINIANUS
0_2_I_00079a.JPG,9,ODOCOILEUS_VIRGINIANUS
0_0_I_00079b (2).JPG,0,AVES
0_0_I_00079b.JPG,9,ODOCOILEUS_VIRGINIANUS
0_1_I_00079b.JPG,9,ODOCOILEUS_VIRGINIANUS
0_2_I_00079b.JPG,9,ODOCOILEUS_VIRGINIANUS
0_0_I_00080a.JPG,9,ODOCOILEUS_VIRGINIANUS
0_1_I_00080a.JPG,9,ODOCOILEUS_VIRGINIANUS
0_2_I_00080a.JPG,9,ODOCOILEUS_VIRGINIANUS
0_3_I_00080a.JPG,9,ODOCOILEUS_VIRGINIANUS
0_4_I_00080a.JPG,9,ODOCOILEUS_VIRGINIANUS
0_5_I_00080a.JPG,9,ODOCOILEUS_VIRGINIANUS
0_6_I_00080a.JPG,9,ODOCOILEUS_VIRGINIANUS
0_0_I_00080b.JPG,10,PECARI_TAJACU
0_1_I_00080b.JPG,10,PECARI_TAJACU
0_2_I_00080b.JPG,10,PECARI_TAJACU
0_3_I_00080b.JPG,10,PECARI_TAJACU
0_4_I_00080b.JPG,10,PECARI_TAJACU
0_5_I_00080b.JPG,10,PECARI_TAJACU
0_0_I_00081a.JPG,9,ODOCOILEUS_VIRGINIANUS
0_1_I_00081a.JPG,9,ODOCOILEUS_VIRGINIANUS
0_2_I_00081a.JPG,9,ODOCOILEUS_VIRGINIANUS
0_3_I_00081a.JPG,9,ODOCOILEUS_VIRGINIANUS
0_4_I_00081a.JPG,9,ODOCOILEUS_VIRGINIANUS
0_0_I_00081b.JPG,9,ODOCOILEUS_VIRGINIANUS
0_1_I_00081b.JPG,9,ODOCOILEUS_VIRGINIANUS
0_0_I_00081c.JPG,0,AVES
0_1_I_00081c.JPG,0,AVES
0_0_I_00082a.JPG,9,ODOCOILEUS_VIRGINIANUS
0_1_I_00082a.JPG,9,ODOCOILEUS_VIRGINIANUS
0_0_I_00082b.JPG,9,ODOCOILEUS_VIRGINIANUS
0_1_I_00082b.JPG,9,ODOCOILEUS_VIRGINIANUS
0_2_I_00082b.JPG,9,ODOCOILEUS_VIRGINIANUS
0_0_I_00082c.JPG,0,AVES
0_0_I_00083a (2).JPG,10,PECARI_TAJACU
0_1_I_00083a (2).JPG,10,PECARI_TAJACU
0_2_I_00083a (2).JPG,10,PECARI_TAJACU
0_0_I_00083a.JPG,9,ODOCOILEUS_VIRGINIANUS
0_0_I_00083b (2).JPG,10,PECARI_TAJACU
0_1_I_00083b (2).JPG,10,PECARI_TAJACU
0_0_I_00083b.JPG,9,ODOCOILEUS_VIRGINIANUS
0_0_I_00084a (2).JPG,10,PECARI_TAJACU
0_0_I_00084a.JPG,10,PECARI_TAJACU
0_1_I_00084a.JPG,10,PECARI_TAJACU
0_0_I_00084b.JPG,10,PECARI_TAJACU
0_1_I_00084b.JPG,10,PECARI_TAJACU
0_0_I_00084c.JPG,10,PECARI_TAJACU
0_0_I_00085a (2).JPG,9,ODOCOILEUS_VIRGINIANUS
0_0_I_00085a.JPG,10,PECARI_TAJACU
0_0_I_00085b (2).JPG,9,ODOCOILEUS_VIRGINIANUS
0_0_I_00085c.JPG,10,PECARI_TAJACU
0_1_I_00085c.JPG,10,PECARI_TAJACU
0_2_I_00085c.JPG,10,PECARI_TAJACU
0_3_I_00085c.JPG,10,PECARI_TAJACU
0_4_I_00085c.JPG,10,PECARI_TAJACU
1_0_I_00086a (2).JPG,9,ODOCOILEUS_VIRGINIANUS
0_0_I_00086a.JPG,10,PECARI_TAJACU
0_0_I_00086b.JPG,10,PECARI_TAJACU
0_0_I_00087a.JPG,10,PECARI_TAJACU
0_0_I_00087c.JPG,9,ODOCOILEUS_VIRGINIANUS
0_0_I_00088a.JPG,10,PECARI_TAJACU
0_0_I_00088c.JPG,9,ODOCOILEUS_VIRGINIANUS
0_1_I_00088c.JPG,9,ODOCOILEUS_VIRGINIANUS
0_0_I_00089a.JPG,10,PECARI_TAJACU
0_0_I_00089b.JPG,10,PECARI_TAJACU
0_0_I_00089c.JPG,0,AVES
0_0_I_00090a.JPG,10,PECARI_TAJACU
0_0_I_00090b.JPG,10,PECARI_TAJACU
0_0_I_00090c.JPG,0,AVES
0_1_I_00090c.JPG,0,AVES
0_0_I_00091a.JPG,10,PECARI_TAJACU
0_0_I_00092a.JPG,9,ODOCOILEUS_VIRGINIANUS
0_0_I_00092b.JPG,9,ODOCOILEUS_VIRGINIANUS
0_1_I_00092b.JPG,9,ODOCOILEUS_VIRGINIANUS
0_0_I_00092c.JPG,9,ODOCOILEUS_VIRGINIANUS
0_1_I_00092c.JPG,9,ODOCOILEUS_VIRGINIANUS
0_0_I_00094a.JPG,0,AVES
0_1_I_00094a.JPG,0,AVES
0_0_I_00094b.JPG,0,AVES
0_1_I_00094b.JPG,0,AVES
0_0_I_00094c.JPG,0,AVES
0_1_I_00094c.JPG,0,AVES
0_0_I_00096a.JPG,0,AVES
0_0_I_00096b.JPG,0,AVES
0_0_I_00096c.JPG,0,AVES
0_0_I_00097a.JPG,0,AVES
0_0_I_00097b.JPG,0,AVES
0_0_I_00099a.JPG,10,PECARI_TAJACU
0_0_I_00100a.JPG,10,PECARI_TAJACU
0_1_I_00100a.JPG,10,PECARI_TAJACU
0_0_I_00100b.JPG,10,PECARI_TAJACU
0_1_I_00100b.JPG,10,PECARI_TAJACU
0_2_I_00100b.JPG,10,PECARI_TAJACU
0_0_I_00101a.JPG,10,PECARI_TAJACU
0_0_I_00102a.JPG,10,PECARI_TAJACU
0_1_I_00102a.JPG,10,PECARI_TAJACU
0_2_I_00102a.JPG,10,PECARI_TAJACU
0_0_I_00102b.JPG,10,PECARI_TAJACU
0_0_I_00105a.JPG,10,PECARI_TAJACU
0_0_I_00105b.JPG,10,PECARI_TAJACU
0_0_I_00107a.JPG,10,PECARI_TAJACU
0_0_I_00109a.JPG,10,PECARI_TAJACU
0_0_I_00109b.JPG,10,PECARI_TAJACU
0_1_I_00109b.JPG,10,PECARI_TAJACU
0_0_I_00111b - copia.JPG,10,PECARI_TAJACU
0_0_I_00112a - copia.JPG,10,PECARI_TAJACU
0_1_I_00112a - copia.JPG,10,PECARI_TAJACU
0_2_I_00112a - copia.JPG,10,PECARI_TAJACU
0_0_I_00112b - copia.JPG,10,PECARI_TAJACU
0_1_I_00112b - copia.JPG,10,PECARI_TAJACU
0_0_I_00113a.JPG,10,PECARI_TAJACU
0_0_I_00113b.JPG,10,PECARI_TAJACU
0_0_I_00115b.JPG,9,ODOCOILEUS_VIRGINIANUS
0_1_I_00115b.JPG,9,ODOCOILEUS_VIRGINIANUS
0_0_I_00116a.JPG,15,UROCYON_CINEREORGENTEUS
0_0_I_00116b.JPG,15,UROCYON_CINEREORGENTEUS
0_0_I_00118a.JPG,0,AVES
0_1_I_00118a.JPG,0,AVES
0_0_I_00118b.JPG,0,AVES
0_0_I_00119b.JPG,0,AVES
0_1_I_00119b.JPG,0,AVES
0_0_I_00120a.JPG,0,AVES
0_1_I_00120a.JPG,0,AVES
0_0_I_00120b.JPG,0,AVES
0_1_I_00120b.JPG,0,AVES
0_0_I_00121a.JPG,10,PECARI_TAJACU
0_0_I_00121b.JPG,10,PECARI_TAJACU
0_0_I_00122a.JPG,10,PECARI_TAJACU
0_0_I_00122b.JPG,10,PECARI_TAJACU
0_1_I_00122b.JPG,10,PECARI_TAJACU
1_2_I_00122b.JPG,10,PECARI_TAJACU
0_0_I_00123b.JPG,0,AVES
0_0_I_00124a.JPG,0,AVES
0_1_I_00124a.JPG,0,AVES
0_0_I_00124b (2).JPG,0,AVES
0_0_I_00124b.JPG,10,PECARI_TAJACU
0_1_I_00124b.JPG,10,PECARI_TAJACU
0_2_I_00124b.JPG,10,PECARI_TAJACU
0_0_I_00124c.JPG,0,AVES
0_1_I_00124c.JPG,0,AVES
0_2_I_00124c.JPG,0,AVES
0_0_I_00125a.JPG,10,PECARI_TAJACU
0_0_I_00125b (2).JPG,10,PECARI_TAJACU
0_1_I_00125b (2).JPG,10,PECARI_TAJACU
0_2_I_00125b (2).JPG,10,PECARI_TAJACU
0_3_I_00125b (2).JPG,10,PECARI_TAJACU
0_4_I_00125b (2).JPG,10,PECARI_TAJACU
0_5_I_00125b (2).JPG,10,PECARI_TAJACU
0_6_I_00125b (2).JPG,10,PECARI_TAJACU
0_0_I_00125b.JPG,10,PECARI_TAJACU
0_0_I_00126a.JPG,10,PECARI_TAJACU
0_1_I_00126a.JPG,10,PECARI_TAJACU
0_2_I_00126a.JPG,10,PECARI_TAJACU
0_0_I_00126b.JPG,10,PECARI_TAJACU
0_1_I_00126b.JPG,10,PECARI_TAJACU
0_2_I_00126b.JPG,10,PECARI_TAJACU
0_3_I_00126b.JPG,10,PECARI_TAJACU
0_4_I_00126b.JPG,10,PECARI_TAJACU
0_5_I_00126b.JPG,10,PECARI_TAJACU
0_6_I_00126b.JPG,10,PECARI_TAJACU
0_7_I_00126b.JPG,10,PECARI_TAJACU
0_0_I_00127a.JPG,10,PECARI_TAJACU
0_1_I_00127a.JPG,10,PECARI_TAJACU
0_0_I_00127b.JPG,10,PECARI_TAJACU
0_1_I_00127b.JPG,10,PECARI_TAJACU
0_2_I_00127b.JPG,10,PECARI_TAJACU
0_0_I_00128a.JPG,10,PECARI_TAJACU
0_0_I_00128b.JPG,10,PECARI_TAJACU
0_0_I_00129a.JPG,10,PECARI_TAJACU
0_0_I_00129b.JPG,10,PECARI_TAJACU
0_0_I_00130a.JPG,10,PECARI_TAJACU
0_1_I_00130a.JPG,10,PECARI_TAJACU
0_0_I_00130b.JPG,10,PECARI_TAJACU
0_1_I_00130b.JPG,10,PECARI_TAJACU
0_0_I_00131a.JPG,10,PECARI_TAJACU
0_1_I_00131a.JPG,10,PECARI_TAJACU
0_2_I_00131a.JPG,10,PECARI_TAJACU
0_0_I_00131b.JPG,10,PECARI_TAJACU
0_1_I_00131b.JPG,10,PECARI_TAJACU
0_0_I_00131c.JPG,0,AVES
0_1_I_00131c.JPG,0,AVES
0_2_I_00131c.JPG,0,AVES
0_0_I_00132a - copia.JPG,3,DIDELPHIS_VIRGINIATA
0_0_I_00132a.JPG,3,DIDELPHIS_VIRGINIATA
0_0_I_00132b.JPG,3,DIDELPHIS_VIRGINIATA
0_0_I_00134a - copia.JPG,10,PECARI_TAJACU
0_0_I_00135a.JPG,10,PECARI_TAJACU
0_0_I_00135b.JPG,10,PECARI_TAJACU
0_1_I_00135b.JPG,10,PECARI_TAJACU
0_0_I_00136a - copia.JPG,10,PECARI_TAJACU
0_1_I_00136a - copia.JPG,10,PECARI_TAJACU
0_0_I_00136a.JPG,3,DIDELPHIS_VIRGINIATA
0_0_I_00136b - copia.JPG,10,PECARI_TAJACU
0_1_I_00136b - copia.JPG,10,PECARI_TAJACU
0_0_I_00137a.JPG,9,ODOCOILEUS_VIRGINIANUS
0_1_I_00137a.JPG,9,ODOCOILEUS_VIRGINIANUS
0_0_I_00137b.JPG,9,ODOCOILEUS_VIRGINIANUS
0_1_I_00137b.JPG,9,ODOCOILEUS_VIRGINIANUS
0_0_I_00137c.JPG,9,ODOCOILEUS_VIRGINIANUS
0_1_I_00137c.JPG,9,ODOCOILEUS_VIRGINIANUS
0_0_I_00138a.JPG,14,SYLVILAGUS_SP
0_0_I_00138b.JPG,14,SYLVILAGUS_SP
0_0_I_00144a.JPG,9,ODOCOILEUS_VIRGINIANUS
0_1_I_00144a.JPG,9,ODOCOILEUS_VIRGINIANUS
0_0_I_00147a.JPG,9,ODOCOILEUS_VIRGINIANUS
0_0_I_00147b.JPG,9,ODOCOILEUS_VIRGINIANUS
0_0_I_00150c.JPG,9,ODOCOILEUS_VIRGINIANUS
0_0_I_00152a.JPG,0,AVES
0_0_I_00156a.JPG,9,ODOCOILEUS_VIRGINIANUS
0_0_I_00156b.JPG,9,ODOCOILEUS_VIRGINIANUS
0_0_I_00156c.JPG,9,ODOCOILEUS_VIRGINIANUS
0_0_I_00157a.JPG,9,ODOCOILEUS_VIRGINIANUS
0_1_I_00157a.JPG,9,ODOCOILEUS_VIRGINIANUS
0_0_I_00157b.JPG,9,ODOCOILEUS_VIRGINIANUS
0_1_I_00157b.JPG,9,ODOCOILEUS_VIRGINIANUS
0_0_I_00157c.JPG,9,ODOCOILEUS_VIRGINIANUS
0_1_I_00157c.JPG,9,ODOCOILEUS_VIRGINIANUS
0_0_I_00158a.JPG,9,ODOCOILEUS_VIRGINIANUS
0_0_I_00163a (2).JPG,9,ODOCOILEUS_VIRGINIANUS
0_0_I_00163b.JPG,9,ODOCOILEUS_VIRGINIANUS
0_0_I_00166a.JPG,9,ODOCOILEUS_VIRGINIANUS
0_0_I_00167a.JPG,9,ODOCOILEUS_VIRGINIANUS
0_0_I_00167b.JPG,9,ODOCOILEUS_VIRGINIANUS
0_0_I_00167c.JPG,9,ODOCOILEUS_VIRGINIANUS
0_0_I_00240a.JPG,9,ODOCOILEUS_VIRGINIANUS
0_0_I_00264b.JPG,9,ODOCOILEUS_VIRGINIANUS
0_1_I_00264b.JPG,9,ODOCOILEUS_VIRGINIANUS
0_0_I__00010.JPG,14,SYLVILAGUS_SP
0_0_I__00043.JPG,0,AVES
0_0_I__00048.JPG,15,UROCYON_CINEREORGENTEUS
0_0_I__00049.JPG,15,UROCYON_CINEREORGENTEUS
0_0_I__00052.JPG,10,PECARI_TAJACU
0_0_I__00057.JPG,9,ODOCOILEUS_VIRGINIANUS
0_0_I__00058.JPG,9,ODOCOILEUS_VIRGINIANUS
0_0_I__00062.JPG,15,UROCYON_CINEREORGENTEUS
0_1_I__00062.JPG,15,UROCYON_CINEREORGENTEUS
0_0_I__00063.JPG,15,UROCYON_CINEREORGENTEUS
0_1_I__00063.JPG,15,UROCYON_CINEREORGENTEUS
0_0_I__00154.JPG,12,SCIURUS_OCOLATUS
0_0_I__001544.JPG,12,SCIURUS_OCOLATUS
0_0_LeopardusWiedii_02.JPG,5,LEOPARDU_wiedii
0_1_LeopardusWiedii_02.JPG,5,LEOPARDU_wiedii
0_0_LeopardusWiedii_03.JPG,5,LEOPARDU_wiedii
0_1_LeopardusWiedii_03.JPG,5,LEOPARDU_wiedii
0_0_LeopardusWiedii_05.JPG,5,LEOPARDU_wiedii
0_0_LeopardusWiedii_07.JPG,5,LEOPARDU_wiedii
0_0_LeopardusWiedii_08.JPG,5,LEOPARDU_wiedii
0_0_LeopardusWiedii_10.JPG,5,LEOPARDU_wiedii
0_0_LeopardusWiedii_12.JPG,5,LEOPARDU_wiedii
0_0_LeopardusWiedii_13.JPG,5,LEOPARDU_wiedii
0_0_LeopardusWiedii_14.JPG,5,LEOPARDU_wiedii
0_0_LeopardusWiedii_15.JPG,5,LEOPARDU_wiedii
0_0_LeopardusWiedii_20.JPG,5,LEOPARDU_wiedii
0_0_LeopardusWiedii_21.JPG,5,LEOPARDU_wiedii
0_0_LeopardusWiedii_23.JPG,5,LEOPARDU_wiedii
0_0_LeopardusWiedii_24.JPG,5,LEOPARDU_wiedii
0_0_LeopardusWiedii_25.JPG,5,LEOPARDU_wiedii
0_0_LeopardusWiedii_26.JPG,5,LEOPARDU_wiedii
0_0_LeopardusWiedii_27.JPG,5,LEOPARDU_wiedii
0_0_LynxRufus_06.JPG,6,LYNX_RUFUS
0_0_LynxRufus_10.JPG,6,LYNX_RUFUS
0_0_LynxRufus_100.JPG,6,LYNX_RUFUS
0_0_LynxRufus_104.JPG,6,LYNX_RUFUS
0_0_LynxRufus_105.JPG,6,LYNX_RUFUS
0_0_LynxRufus_106.JPG,6,LYNX_RUFUS
0_0_LynxRufus_108.JPG,6,LYNX_RUFUS
0_0_LynxRufus_15.JPG,6,LYNX_RUFUS
0_0_LynxRufus_19.JPG,6,LYNX_RUFUS
0_0_LynxRufus_30.JPG,6,LYNX_RUFUS
0_0_LynxRufus_32.JPG,6,LYNX_RUFUS
0_0_LynxRufus_33.JPG,6,LYNX_RUFUS
0_0_LynxRufus_36.JPG,6,LYNX_RUFUS
0_0_LynxRufus_37.JPG,6,LYNX_RUFUS
0_0_LynxRufus_42.JPG,6,LYNX_RUFUS
0_0_LynxRufus_47.JPG,6,LYNX_RUFUS
0_0_LynxRufus_49.JPG,6,LYNX_RUFUS
0_0_LynxRufus_53.JPG,6,LYNX_RUFUS
0_1_LynxRufus_53.JPG,6,LYNX_RUFUS
0_0_LynxRufus_59.JPG,6,LYNX_RUFUS
0_0_LynxRufus_60.JPG,6,LYNX_RUFUS
0_0_LynxRufus_61.JPG,6,LYNX_RUFUS
0_0_LynxRufus_63.JPG,6,LYNX_RUFUS
0_0_LynxRufus_64.JPG,6,LYNX_RUFUS
0_0_LynxRufus_69.JPG,6,LYNX_RUFUS
0_0_LynxRufus_70.JPG,6,LYNX_RUFUS
0_0_LynxRufus_96.JPG,6,LYNX_RUFUS
0_1_LynxRufus_96.JPG,6,LYNX_RUFUS
0_2_LynxRufus_96.JPG,6,LYNX_RUFUS
0_3_LynxRufus_96.JPG,6,LYNX_RUFUS
0_0_LynxRufus_97.JPG,6,LYNX_RUFUS
0_1_LynxRufus_97.JPG,6,LYNX_RUFUS
0_0_LynxRufus_98.JPG,6,LYNX_RUFUS
0_0_LynxRufus_99.JPG,6,LYNX_RUFUS
0_0_MephitisMacroura_02.JPG,7,MEPITIS_MACROURA
0_0_MephitisMacroura_03.JPG,7,MEPITIS_MACROURA
0_0_MephitisMacroura_07.JPG,7,MEPITIS_MACROURA
0_0_MephitisMacroura_08.JPG,7,MEPITIS_MACROURA
0_0_MephitisMacroura_10.JPG,7,MEPITIS_MACROURA
0_0_MephitisMacroura_100.JPG,7,MEPITIS_MACROURA
0_0_MephitisMacroura_101.JPG,7,MEPITIS_MACROURA
0_0_MephitisMacroura_102.JPG,7,MEPITIS_MACROURA
0_0_MephitisMacroura_104.JPG,7,MEPITIS_MACROURA
0_1_MephitisMacroura_104.JPG,7,MEPITIS_MACROURA
0_0_MephitisMacroura_105.JPG,7,MEPITIS_MACROURA
0_0_MephitisMacroura_106.JPG,7,MEPITIS_MACROURA
0_0_MephitisMacroura_11.JPG,7,MEPITIS_MACROURA
0_1_MephitisMacroura_11.JPG,7,MEPITIS_MACROURA
0_0_MephitisMacroura_111.JPG,7,MEPITIS_MACROURA
0_0_MephitisMacroura_112.JPG,7,MEPITIS_MACROURA
0_0_MephitisMacroura_117.JPG,7,MEPITIS_MACROURA
0_1_MephitisMacroura_117.JPG,7,MEPITIS_MACROURA
0_0_MephitisMacroura_118.JPG,7,MEPITIS_MACROURA
0_0_MephitisMacroura_119.JPG,7,MEPITIS_MACROURA
0_0_MephitisMacroura_12.JPG,7,MEPITIS_MACROURA
0_0_MephitisMacroura_125.JPG,7,MEPITIS_MACROURA
0_1_MephitisMacroura_125.JPG,7,MEPITIS_MACROURA
0_0_MephitisMacroura_126.JPG,7,MEPITIS_MACROURA
0_0_MephitisMacroura_127.JPG,7,MEPITIS_MACROURA
0_0_MephitisMacroura_128.JPG,7,MEPITIS_MACROURA
0_1_MephitisMacroura_128.JPG,7,MEPITIS_MACROURA
0_0_MephitisMacroura_13.JPG,7,MEPITIS_MACROURA
0_0_MephitisMacroura_131.JPG,7,MEPITIS_MACROURA
0_0_MephitisMacroura_133.JPG,7,MEPITIS_MACROURA
0_1_MephitisMacroura_133.JPG,7,MEPITIS_MACROURA
0_0_MephitisMacroura_134.JPG,7,MEPITIS_MACROURA
0_0_MephitisMacroura_135.JPG,7,MEPITIS_MACROURA
0_0_MephitisMacroura_137.JPG,7,MEPITIS_MACROURA
0_0_MephitisMacroura_14.JPG,7,MEPITIS_MACROURA
0_0_MephitisMacroura_141.JPG,7,MEPITIS_MACROURA
0_0_MephitisMacroura_143.JPG,7,MEPITIS_MACROURA
0_0_MephitisMacroura_145.JPG,7,MEPITIS_MACROURA
0_0_MephitisMacroura_146.JPG,7,MEPITIS_MACROURA
0_0_MephitisMacroura_148.JPG,7,MEPITIS_MACROURA
0_0_MephitisMacroura_149.JPG,7,MEPITIS_MACROURA
0_0_MephitisMacroura_150.JPG,7,MEPITIS_MACROURA
0_0_MephitisMacroura_16.JPG,7,MEPITIS_MACROURA
0_0_MephitisMacroura_17.JPG,7,MEPITIS_MACROURA
0_0_MephitisMacroura_18.JPG,7,MEPITIS_MACROURA
0_0_MephitisMacroura_19.JPG,7,MEPITIS_MACROURA
0_0_MephitisMacroura_20.JPG,7,MEPITIS_MACROURA
0_0_MephitisMacroura_21.JPG,7,MEPITIS_MACROURA
0_0_MephitisMacroura_22.JPG,7,MEPITIS_MACROURA
0_0_MephitisMacroura_23.JPG,7,MEPITIS_MACROURA
0_0_MephitisMacroura_25.JPG,7,MEPITIS_MACROURA
0_0_MephitisMacroura_26.JPG,7,MEPITIS_MACROURA
0_0_MephitisMacroura_29.JPG,7,MEPITIS_MACROURA
0_0_MephitisMacroura_30.JPG,7,MEPITIS_MACROURA
0_1_MephitisMacroura_30.JPG,7,MEPITIS_MACROURA
0_0_MephitisMacroura_31.JPG,7,MEPITIS_MACROURA
0_0_MephitisMacroura_36.JPG,7,MEPITIS_MACROURA
0_0_MephitisMacroura_38.JPG,7,MEPITIS_MACROURA
0_0_MephitisMacroura_40.JPG,7,MEPITIS_MACROURA
0_0_MephitisMacroura_42.JPG,7,MEPITIS_MACROURA
0_0_MephitisMacroura_43.JPG,7,MEPITIS_MACROURA
0_0_MephitisMacroura_44.JPG,7,MEPITIS_MACROURA
0_0_MephitisMacroura_45.JPG,7,MEPITIS_MACROURA
0_0_MephitisMacroura_46.JPG,7,MEPITIS_MACROURA
0_0_MephitisMacroura_51.JPG,7,MEPITIS_MACROURA
0_0_MephitisMacroura_52.JPG,7,MEPITIS_MACROURA
0_0_MephitisMacroura_53.JPG,7,MEPITIS_MACROURA
0_0_MephitisMacroura_54.JPG,7,MEPITIS_MACROURA
0_0_MephitisMacroura_58.JPG,7,MEPITIS_MACROURA
0_0_MephitisMacroura_60.JPG,7,MEPITIS_MACROURA
0_0_MephitisMacroura_61.JPG,7,MEPITIS_MACROURA
0_0_MephitisMacroura_63.JPG,7,MEPITIS_MACROURA
0_0_MephitisMacroura_64.JPG,7,MEPITIS_MACROURA
0_0_MephitisMacroura_68.JPG,7,MEPITIS_MACROURA
0_0_MephitisMacroura_69.JPG,7,MEPITIS_MACROURA
0_0_MephitisMacroura_71.JPG,7,MEPITIS_MACROURA
0_0_MephitisMacroura_72.JPG,7,MEPITIS_MACROURA
0_0_MephitisMacroura_76.JPG,7,MEPITIS_MACROURA
0_0_MephitisMacroura_77.JPG,7,MEPITIS_MACROURA
0_0_MephitisMacroura_80.JPG,7,MEPITIS_MACROURA
0_0_MephitisMacroura_81.JPG,7,MEPITIS_MACROURA
0_0_MephitisMacroura_82.JPG,7,MEPITIS_MACROURA
0_0_MephitisMacroura_83.JPG,7,MEPITIS_MACROURA
0_0_MephitisMacroura_84.JPG,7,MEPITIS_MACROURA
0_0_MephitisMacroura_85.JPG,7,MEPITIS_MACROURA
0_0_MephitisMacroura_86.JPG,7,MEPITIS_MACROURA
0_0_MephitisMacroura_87.JPG,7,MEPITIS_MACROURA
0_0_MephitisMacroura_88.JPG,7,MEPITIS_MACROURA
0_0_MephitisMacroura_90.JPG,7,MEPITIS_MACROURA
0_0_MephitisMacroura_95.JPG,7,MEPITIS_MACROURA
1_1_MephitisMacroura_95.JPG,7,MEPITIS_MACROURA
0_0_MephitisMacroura_98.JPG,7,MEPITIS_MACROURA
0_0_NasuaNarica_01.JPG,8,NASUA_NARICA
0_0_NasuaNarica_03.JPG,8,NASUA_NARICA
0_0_NasuaNarica_04.JPG,8,NASUA_NARICA
0_0_NasuaNarica_05.JPG,8,NASUA_NARICA
0_1_NasuaNarica_05.JPG,8,NASUA_NARICA
0_2_NasuaNarica_05.JPG,8,NASUA_NARICA
0_3_NasuaNarica_05.JPG,8,NASUA_NARICA
0_4_NasuaNarica_05.JPG,8,NASUA_NARICA
0_0_NasuaNarica_07.JPG,8,NASUA_NARICA
0_0_NasuaNarica_09.JPG,8,NASUA_NARICA
0_0_NasuaNarica_10.JPG,8,NASUA_NARICA
0_0_NasuaNarica_11.JPG,8,NASUA_NARICA
0_0_NasuaNarica_14.JPG,8,NASUA_NARICA
0_1_NasuaNarica_14.JPG,8,NASUA_NARICA
0_2_NasuaNarica_14.JPG,8,NASUA_NARICA
0_0_NasuaNarica_15.JPG,8,NASUA_NARICA
0_0_NasuaNarica_17.JPG,8,NASUA_NARICA
0_0_NasuaNarica_18.JPG,8,NASUA_NARICA
0_1_NasuaNarica_18.JPG,8,NASUA_NARICA
0_0_NasuaNarica_22.JPG,8,NASUA_NARICA
0_0_NasuaNarica_23.JPG,8,NASUA_NARICA
0_1_NasuaNarica_23.JPG,8,NASUA_NARICA
0_0_NasuaNarica_26.JPG,8,NASUA_NARICA
0_0_NasuaNarica_27.JPG,8,NASUA_NARICA
0_1_NasuaNarica_27.JPG,8,NASUA_NARICA
0_0_NasuaNarica_28.JPG,8,NASUA_NARICA
0_0_NasuaNarica_29.JPG,8,NASUA_NARICA
0_0_NasuaNarica_30.JPG,8,NASUA_NARICA
0_0_NasuaNarica_31.JPG,8,NASUA_NARICA
0_0_NasuaNarica_35.JPG,8,NASUA_NARICA
0_0_NasuaNarica_39.JPG,8,NASUA_NARICA
0_1_NasuaNarica_39.JPG,8,NASUA_NARICA
0_0_NasuaNarica_40.JPG,8,NASUA_NARICA
0_0_NasuaNarica_41.JPG,8,NASUA_NARICA
0_0_NasuaNarica_43.JPG,8,NASUA_NARICA
0_1_NasuaNarica_43.JPG,8,NASUA_NARICA
0_2_NasuaNarica_43.JPG,8,NASUA_NARICA
0_3_NasuaNarica_43.JPG,8,NASUA_NARICA
0_0_OdocoileusVirginianus_02.JPG,9,ODOCOILEUS_VIRGINIANUS
0_1_OdocoileusVirginianus_02.JPG,9,ODOCOILEUS_VIRGINIANUS
0_0_OdocoileusVirginianus_05.JPG,9,ODOCOILEUS_VIRGINIANUS
0_0_OdocoileusVirginianus_100.JPG,9,ODOCOILEUS_VIRGINIANUS
0_0_OdocoileusVirginianus_103.JPG,9,ODOCOILEUS_VIRGINIANUS
0_0_OdocoileusVirginianus_104.JPG,9,ODOCOILEUS_VIRGINIANUS
0_0_OdocoileusVirginianus_105.JPG,9,ODOCOILEUS_VIRGINIANUS
0_0_OdocoileusVirginianus_108.JPG,9,ODOCOILEUS_VIRGINIANUS
0_0_OdocoileusVirginianus_109.JPG,9,ODOCOILEUS_VIRGINIANUS
0_0_OdocoileusVirginianus_110.JPG,9,ODOCOILEUS_VIRGINIANUS
0_0_OdocoileusVirginianus_111.JPG,9,ODOCOILEUS_VIRGINIANUS
0_1_OdocoileusVirginianus_111.JPG,9,ODOCOILEUS_VIRGINIANUS
0_0_OdocoileusVirginianus_112.JPG,9,ODOCOILEUS_VIRGINIANUS
0_0_OdocoileusVirginianus_114.JPG,9,ODOCOILEUS_VIRGINIANUS
0_0_OdocoileusVirginianus_115.JPG,9,ODOCOILEUS_VIRGINIANUS
0_0_OdocoileusVirginianus_116.JPG,9,ODOCOILEUS_VIRGINIANUS
0_0_OdocoileusVirginianus_117.JPG,9,ODOCOILEUS_VIRGINIANUS
0_0_OdocoileusVirginianus_118.JPG,9,ODOCOILEUS_VIRGINIANUS
0_0_OdocoileusVirginianus_119.JPG,9,ODOCOILEUS_VIRGINIANUS
0_0_OdocoileusVirginianus_120.JPG,9,ODOCOILEUS_VIRGINIANUS
0_0_OdocoileusVirginianus_121.JPG,9,ODOCOILEUS_VIRGINIANUS
0_0_OdocoileusVirginianus_122.JPG,9,ODOCOILEUS_VIRGINIANUS
0_0_OdocoileusVirginianus_124.JPG,9,ODOCOILEUS_VIRGINIANUS
0_0_OdocoileusVirginianus_127.JPG,9,ODOCOILEUS_VIRGINIANUS
0_0_OdocoileusVirginianus_128.JPG,9,ODOCOILEUS_VIRGINIANUS
0_0_OdocoileusVirginianus_129.JPG,9,ODOCOILEUS_VIRGINIANUS
0_0_OdocoileusVirginianus_130.JPG,9,ODOCOILEUS_VIRGINIANUS
0_0_OdocoileusVirginianus_133.JPG,9,ODOCOILEUS_VIRGINIANUS
0_0_OdocoileusVirginianus_134.JPG,9,ODOCOILEUS_VIRGINIANUS
0_0_OdocoileusVirginianus_135.JPG,9,ODOCOILEUS_VIRGINIANUS
0_0_OdocoileusVirginianus_136.JPG,9,ODOCOILEUS_VIRGINIANUS
0_0_OdocoileusVirginianus_137.JPG,9,ODOCOILEUS_VIRGINIANUS
0_0_OdocoileusVirginianus_138.JPG,9,ODOCOILEUS_VIRGINIANUS
0_0_OdocoileusVirginianus_139.JPG,9,ODOCOILEUS_VIRGINIANUS
0_0_OdocoileusVirginianus_140.JPG,9,ODOCOILEUS_VIRGINIANUS
0_0_OdocoileusVirginianus_141.JPG,9,ODOCOILEUS_VIRGINIANUS
0_1_OdocoileusVirginianus_141.JPG,9,ODOCOILEUS_VIRGINIANUS
0_0_OdocoileusVirginianus_142.JPG,9,ODOCOILEUS_VIRGINIANUS
0_0_OdocoileusVirginianus_143.JPG,9,ODOCOILEUS_VIRGINIANUS
0_0_OdocoileusVirginianus_144.JPG,9,ODOCOILEUS_VIRGINIANUS
0_0_OdocoileusVirginianus_145.JPG,9,ODOCOILEUS_VIRGINIANUS
0_0_OdocoileusVirginianus_146.JPG,9,ODOCOILEUS_VIRGINIANUS
0_0_OdocoileusVirginianus_147.JPG,9,ODOCOILEUS_VIRGINIANUS
0_0_OdocoileusVirginianus_148.JPG,9,ODOCOILEUS_VIRGINIANUS
0_0_OdocoileusVirginianus_16.JPG,9,ODOCOILEUS_VIRGINIANUS
0_0_OdocoileusVirginianus_19.JPG,9,ODOCOILEUS_VIRGINIANUS
0_0_OdocoileusVirginianus_20.JPG,9,ODOCOILEUS_VIRGINIANUS
0_1_OdocoileusVirginianus_20.JPG,9,ODOCOILEUS_VIRGINIANUS
0_0_OdocoileusVirginianus_26.JPG,9,ODOCOILEUS_VIRGINIANUS
0_1_OdocoileusVirginianus_26.JPG,9,ODOCOILEUS_VIRGINIANUS
0_0_OdocoileusVirginianus_28.JPG,9,ODOCOILEUS_VIRGINIANUS
0_0_OdocoileusVirginianus_30.JPG,9,ODOCOILEUS_VIRGINIANUS
0_0_OdocoileusVirginianus_43.JPG,9,ODOCOILEUS_VIRGINIANUS
0_0_OdocoileusVirginianus_44.JPG,9,ODOCOILEUS_VIRGINIANUS
0_1_OdocoileusVirginianus_44.JPG,9,ODOCOILEUS_VIRGINIANUS
0_0_OdocoileusVirginianus_46.JPG,9,ODOCOILEUS_VIRGINIANUS
0_0_OdocoileusVirginianus_47.JPG,9,ODOCOILEUS_VIRGINIANUS
0_0_OdocoileusVirginianus_48.JPG,9,ODOCOILEUS_VIRGINIANUS
0_0_OdocoileusVirginianus_49.JPG,9,ODOCOILEUS_VIRGINIANUS
0_0_OdocoileusVirginianus_50.JPG,9,ODOCOILEUS_VIRGINIANUS
0_0_OdocoileusVirginianus_51.JPG,9,ODOCOILEUS_VIRGINIANUS
0_0_OdocoileusVirginianus_52.JPG,9,ODOCOILEUS_VIRGINIANUS
0_0_OdocoileusVirginianus_53.JPG,9,ODOCOILEUS_VIRGINIANUS
0_0_OdocoileusVirginianus_56.JPG,9,ODOCOILEUS_VIRGINIANUS
0_0_OdocoileusVirginianus_57.JPG,9,ODOCOILEUS_VIRGINIANUS
0_0_OdocoileusVirginianus_60.JPG,9,ODOCOILEUS_VIRGINIANUS
0_0_OdocoileusVirginianus_61.JPG,9,ODOCOILEUS_VIRGINIANUS
0_0_OdocoileusVirginianus_62.JPG,9,ODOCOILEUS_VIRGINIANUS
0_0_OdocoileusVirginianus_64.JPG,9,ODOCOILEUS_VIRGINIANUS
0_0_OdocoileusVirginianus_65.JPG,9,ODOCOILEUS_VIRGINIANUS
0_1_OdocoileusVirginianus_65.JPG,9,ODOCOILEUS_VIRGINIANUS
0_0_OdocoileusVirginianus_66.JPG,9,ODOCOILEUS_VIRGINIANUS
0_0_OdocoileusVirginianus_67.JPG,9,ODOCOILEUS_VIRGINIANUS
0_0_OdocoileusVirginianus_68.JPG,9,ODOCOILEUS_VIRGINIANUS
0_0_OdocoileusVirginianus_69.JPG,9,ODOCOILEUS_VIRGINIANUS
0_0_OdocoileusVirginianus_70.JPG,9,ODOCOILEUS_VIRGINIANUS
0_0_OdocoileusVirginianus_71.JPG,9,ODOCOILEUS_VIRGINIANUS
0_0_OdocoileusVirginianus_73.JPG,9,ODOCOILEUS_VIRGINIANUS
0_0_OdocoileusVirginianus_76.JPG,9,ODOCOILEUS_VIRGINIANUS
0_0_OdocoileusVirginianus_77.JPG,9,ODOCOILEUS_VIRGINIANUS
0_0_OdocoileusVirginianus_78.JPG,9,ODOCOILEUS_VIRGINIANUS
0_0_OdocoileusVirginianus_79.JPG,9,ODOCOILEUS_VIRGINIANUS
0_0_OdocoileusVirginianus_80.JPG,9,ODOCOILEUS_VIRGINIANUS
0_0_OdocoileusVirginianus_82.JPG,9,ODOCOILEUS_VIRGINIANUS
0_1_OdocoileusVirginianus_82.JPG,9,ODOCOILEUS_VIRGINIANUS
0_0_OdocoileusVirginianus_84.JPG,9,ODOCOILEUS_VIRGINIANUS
0_0_OdocoileusVirginianus_87.JPG,9,ODOCOILEUS_VIRGINIANUS
0_0_OdocoileusVirginianus_88.JPG,9,ODOCOILEUS_VIRGINIANUS
0_0_OdocoileusVirginianus_89.JPG,9,ODOCOILEUS_VIRGINIANUS
0_0_OdocoileusVirginianus_91.JPG,9,ODOCOILEUS_VIRGINIANUS
0_1_OdocoileusVirginianus_91.JPG,9,ODOCOILEUS_VIRGINIANUS
0_0_OdocoileusVirginianus_94.JPG,9,ODOCOILEUS_VIRGINIANUS
0_0_OdocoileusVirginianus_95.JPG,9,ODOCOILEUS_VIRGINIANUS
0_0_OdocoileusVirginianus_97.JPG,9,ODOCOILEUS_VIRGINIANUS
0_0_OdocoileusVirginianus_98.JPG,9,ODOCOILEUS_VIRGINIANUS
0_0_OdocoileusVirginianus_99.JPG,9,ODOCOILEUS_VIRGINIANUS
0_0_PecariTajacu_01.JPG,10,PECARI_TAJACU
0_0_PecariTajacu_04.JPG,10,PECARI_TAJACU
0_1_PecariTajacu_04.JPG,10,PECARI_TAJACU
0_0_PecariTajacu_05.JPG,10,PECARI_TAJACU
0_0_PecariTajacu_09.JPG,10,PECARI_TAJACU
0_0_PecariTajacu_10.JPG,10,PECARI_TAJACU
0_0_PecariTajacu_100.JPG,10,PECARI_TAJACU
0_1_PecariTajacu_100.JPG,10,PECARI_TAJACU
0_2_PecariTajacu_100.JPG,10,PECARI_TAJACU
0_0_PecariTajacu_101.JPG,10,PECARI_TAJACU
0_1_PecariTajacu_101.JPG,10,PECARI_TAJACU
0_0_PecariTajacu_102.JPG,10,PECARI_TAJACU
0_0_PecariTajacu_103.JPG,10,PECARI_TAJACU
0_0_PecariTajacu_105.JPG,10,PECARI_TAJACU
0_1_PecariTajacu_105.JPG,10,PECARI_TAJACU
0_2_PecariTajacu_105.JPG,10,PECARI_TAJACU
0_3_PecariTajacu_105.JPG,10,PECARI_TAJACU
0_0_PecariTajacu_106.JPG,10,PECARI_TAJACU
0_1_PecariTajacu_106.JPG,10,PECARI_TAJACU
0_0_PecariTajacu_108.JPG,10,PECARI_TAJACU
0_1_PecariTajacu_108.JPG,10,PECARI_TAJACU
0_0_PecariTajacu_109.JPG,10,PECARI_TAJACU
0_1_PecariTajacu_109.JPG,10,PECARI_TAJACU
0_2_PecariTajacu_109.JPG,10,PECARI_TAJACU
0_3_PecariTajacu_109.JPG,10,PECARI_TAJACU
0_4_PecariTajacu_109.JPG,10,PECARI_TAJACU
0_5_PecariTajacu_109.JPG,10,PECARI_TAJACU
0_6_PecariTajacu_109.JPG,10,PECARI_TAJACU
0_0_PecariTajacu_11.JPG,10,PECARI_TAJACU
0_1_PecariTajacu_11.JPG,10,PECARI_TAJACU
0_0_PecariTajacu_111.JPG,10,PECARI_TAJACU
0_1_PecariTajacu_111.JPG,10,PECARI_TAJACU
0_2_PecariTajacu_111.JPG,10,PECARI_TAJACU
0_3_PecariTajacu_111.JPG,10,PECARI_TAJACU
0_4_PecariTajacu_111.JPG,10,PECARI_TAJACU
0_5_PecariTajacu_111.JPG,10,PECARI_TAJACU
0_6_PecariTajacu_111.JPG,10,PECARI_TAJACU
0_7_PecariTajacu_111.JPG,10,PECARI_TAJACU
0_0_PecariTajacu_113.JPG,10,PECARI_TAJACU
0_1_PecariTajacu_113.JPG,10,PECARI_TAJACU
0_2_PecariTajacu_113.JPG,10,PECARI_TAJACU
0_3_PecariTajacu_113.JPG,10,PECARI_TAJACU
0_4_PecariTajacu_113.JPG,10,PECARI_TAJACU
0_5_PecariTajacu_113.JPG,10,PECARI_TAJACU
0_6_PecariTajacu_113.JPG,10,PECARI_TAJACU
0_0_PecariTajacu_114.JPG,10,PECARI_TAJACU
0_1_PecariTajacu_114.JPG,10,PECARI_TAJACU
0_2_PecariTajacu_114.JPG,10,PECARI_TAJACU
0_3_PecariTajacu_114.JPG,10,PECARI_TAJACU
0_4_PecariTajacu_114.JPG,10,PECARI_TAJACU
0_5_PecariTajacu_114.JPG,10,PECARI_TAJACU
0_0_PecariTajacu_115.JPG,10,PECARI_TAJACU
0_1_PecariTajacu_115.JPG,10,PECARI_TAJACU
0_2_PecariTajacu_115.JPG,10,PECARI_TAJACU
0_0_PecariTajacu_116.JPG,10,PECARI_TAJACU
0_1_PecariTajacu_116.JPG,10,PECARI_TAJACU
0_0_PecariTajacu_118.JPG,10,PECARI_TAJACU
0_1_PecariTajacu_118.JPG,10,PECARI_TAJACU
0_2_PecariTajacu_118.JPG,10,PECARI_TAJACU
0_3_PecariTajacu_118.JPG,10,PECARI_TAJACU
0_4_PecariTajacu_118.JPG,10,PECARI_TAJACU
0_5_PecariTajacu_118.JPG,10,PECARI_TAJACU
0_6_PecariTajacu_118.JPG,10,PECARI_TAJACU
0_7_PecariTajacu_118.JPG,10,PECARI_TAJACU
0_8_PecariTajacu_118.JPG,10,PECARI_TAJACU
0_0_PecariTajacu_119.JPG,10,PECARI_TAJACU
0_1_PecariTajacu_119.JPG,10,PECARI_TAJACU
0_0_PecariTajacu_123.JPG,10,PECARI_TAJACU
0_1_PecariTajacu_123.JPG,10,PECARI_TAJACU
0_2_PecariTajacu_123.JPG,10,PECARI_TAJACU
0_3_PecariTajacu_123.JPG,10,PECARI_TAJACU
0_4_PecariTajacu_123.JPG,10,PECARI_TAJACU
0_5_PecariTajacu_123.JPG,10,PECARI_TAJACU
0_6_PecariTajacu_123.JPG,10,PECARI_TAJACU
0_7_PecariTajacu_123.JPG,10,PECARI_TAJACU
0_0_PecariTajacu_124.JPG,10,PECARI_TAJACU
0_1_PecariTajacu_124.JPG,10,PECARI_TAJACU
0_2_PecariTajacu_124.JPG,10,PECARI_TAJACU
0_3_PecariTajacu_124.JPG,10,PECARI_TAJACU
0_4_PecariTajacu_124.JPG,10,PECARI_TAJACU
0_5_PecariTajacu_124.JPG,10,PECARI_TAJACU
0_0_PecariTajacu_126.JPG,10,PECARI_TAJACU
0_0_PecariTajacu_128.JPG,10,PECARI_TAJACU
0_0_PecariTajacu_130.JPG,10,PECARI_TAJACU
0_1_PecariTajacu_130.JPG,10,PECARI_TAJACU
0_0_PecariTajacu_131.JPG,10,PECARI_TAJACU
0_0_PecariTajacu_132.JPG,10,PECARI_TAJACU
0_0_PecariTajacu_134.JPG,10,PECARI_TAJACU
0_1_PecariTajacu_134.JPG,10,PECARI_TAJACU
0_0_PecariTajacu_135.JPG,10,PECARI_TAJACU
0_0_PecariTajacu_136.JPG,10,PECARI_TAJACU
0_0_PecariTajacu_138.JPG,10,PECARI_TAJACU
0_0_PecariTajacu_14.JPG,10,PECARI_TAJACU
0_0_PecariTajacu_140.JPG,10,PECARI_TAJACU
0_0_PecariTajacu_142.JPG,10,PECARI_TAJACU
0_0_PecariTajacu_145.JPG,10,PECARI_TAJACU
0_0_PecariTajacu_148.JPG,10,PECARI_TAJACU
0_1_PecariTajacu_148.JPG,10,PECARI_TAJACU
0_2_PecariTajacu_148.JPG,10,PECARI_TAJACU
0_3_PecariTajacu_148.JPG,10,PECARI_TAJACU
0_4_PecariTajacu_148.JPG,10,PECARI_TAJACU
0_0_PecariTajacu_149.JPG,10,PECARI_TAJACU
0_1_PecariTajacu_149.JPG,10,PECARI_TAJACU
0_2_PecariTajacu_149.JPG,10,PECARI_TAJACU
0_3_PecariTajacu_149.JPG,10,PECARI_TAJACU
0_4_PecariTajacu_149.JPG,10,PECARI_TAJACU
0_5_PecariTajacu_149.JPG,10,PECARI_TAJACU
0_6_PecariTajacu_149.JPG,10,PECARI_TAJACU
0_7_PecariTajacu_149.JPG,10,PECARI_TAJACU
0_8_PecariTajacu_149.JPG,10,PECARI_TAJACU
0_9_PecariTajacu_149.JPG,10,PECARI_TAJACU
0_0_PecariTajacu_150.JPG,10,PECARI_TAJACU
0_1_PecariTajacu_150.JPG,10,PECARI_TAJACU
0_2_PecariTajacu_150.JPG,10,PECARI_TAJACU
0_3_PecariTajacu_150.JPG,10,PECARI_TAJACU
0_4_PecariTajacu_150.JPG,10,PECARI_TAJACU
0_0_PecariTajacu_16.JPG,10,PECARI_TAJACU
0_0_PecariTajacu_17.JPG,10,PECARI_TAJACU
0_0_PecariTajacu_18.JPG,10,PECARI_TAJACU
0_0_PecariTajacu_19.JPG,10,PECARI_TAJACU
0_1_PecariTajacu_19.JPG,10,PECARI_TAJACU
0_2_PecariTajacu_19.JPG,10,PECARI_TAJACU
0_0_PecariTajacu_20.JPG,10,PECARI_TAJACU
0_0_PecariTajacu_30.JPG,10,PECARI_TAJACU
0_0_PecariTajacu_31.JPG,10,PECARI_TAJACU
0_0_PecariTajacu_35.JPG,10,PECARI_TAJACU
0_0_PecariTajacu_36.JPG,10,PECARI_TAJACU
0_0_PecariTajacu_37.JPG,10,PECARI_TAJACU
0_1_PecariTajacu_37.JPG,10,PECARI_TAJACU
0_2_PecariTajacu_37.JPG,10,PECARI_TAJACU
0_3_PecariTajacu_37.JPG,10,PECARI_TAJACU
0_0_PecariTajacu_38.JPG,10,PECARI_TAJACU
0_0_PecariTajacu_39.JPG,10,PECARI_TAJACU
2_1_PecariTajacu_39.JPG,10,PECARI_TAJACU
0_0_PecariTajacu_40.JPG,10,PECARI_TAJACU
0_1_PecariTajacu_40.JPG,10,PECARI_TAJACU
0_2_PecariTajacu_40.JPG,10,PECARI_TAJACU
0_0_PecariTajacu_41.JPG,10,PECARI_TAJACU
0_0_PecariTajacu_42.JPG,10,PECARI_TAJACU
0_0_PecariTajacu_43.JPG,10,PECARI_TAJACU
0_0_PecariTajacu_45.JPG,10,PECARI_TAJACU
0_0_PecariTajacu_46.JPG,10,PECARI_TAJACU
0_0_PecariTajacu_47.JPG,10,PECARI_TAJACU
0_1_PecariTajacu_47.JPG,10,PECARI_TAJACU
0_0_PecariTajacu_48.JPG,10,PECARI_TAJACU
0_1_PecariTajacu_48.JPG,10,PECARI_TAJACU
0_0_PecariTajacu_51.JPG,10,PECARI_TAJACU
0_1_PecariTajacu_51.JPG,10,PECARI_TAJACU
0_0_PecariTajacu_53.JPG,10,PECARI_TAJACU
0_1_PecariTajacu_53.JPG,10,PECARI_TAJACU
0_0_PecariTajacu_54.JPG,10,PECARI_TAJACU
0_1_PecariTajacu_54.JPG,10,PECARI_TAJACU
0_0_PecariTajacu_56.JPG,10,PECARI_TAJACU
0_0_PecariTajacu_57.JPG,10,PECARI_TAJACU
0_0_PecariTajacu_59.JPG,10,PECARI_TAJACU
0_0_PecariTajacu_60.JPG,10,PECARI_TAJACU
0_1_PecariTajacu_60.JPG,10,PECARI_TAJACU
0_2_PecariTajacu_60.JPG,10,PECARI_TAJACU
0_3_PecariTajacu_60.JPG,10,PECARI_TAJACU
0_4_PecariTajacu_60.JPG,10,PECARI_TAJACU
0_0_PecariTajacu_61.JPG,10,PECARI_TAJACU
0_0_PecariTajacu_62.JPG,10,PECARI_TAJACU
0_0_PecariTajacu_63.JPG,10,PECARI_TAJACU
0_0_PecariTajacu_64.JPG,10,PECARI_TAJACU
0_1_PecariTajacu_64.JPG,10,PECARI_TAJACU
0_2_PecariTajacu_64.JPG,10,PECARI_TAJACU
0_3_PecariTajacu_64.JPG,10,PECARI_TAJACU
0_4_PecariTajacu_64.JPG,10,PECARI_TAJACU
0_5_PecariTajacu_64.JPG,10,PECARI_TAJACU
0_0_PecariTajacu_65.JPG,10,PECARI_TAJACU
0_0_PecariTajacu_68.JPG,10,PECARI_TAJACU
0_1_PecariTajacu_68.JPG,10,PECARI_TAJACU
0_0_PecariTajacu_69.JPG,10,PECARI_TAJACU
0_1_PecariTajacu_69.JPG,10,PECARI_TAJACU
0_2_PecariTajacu_69.JPG,10,PECARI_TAJACU
0_3_PecariTajacu_69.JPG,10,PECARI_TAJACU
0_4_PecariTajacu_69.JPG,10,PECARI_TAJACU
0_5_PecariTajacu_69.JPG,10,PECARI_TAJACU
0_0_PecariTajacu_71.JPG,10,PECARI_TAJACU
0_0_PecariTajacu_73.JPG,10,PECARI_TAJACU
0_0_PecariTajacu_74.JPG,10,PECARI_TAJACU
0_0_PecariTajacu_75.JPG,10,PECARI_TAJACU
0_0_PecariTajacu_76.JPG,10,PECARI_TAJACU
0_0_PecariTajacu_78.JPG,10,PECARI_TAJACU
0_1_PecariTajacu_78.JPG,10,PECARI_TAJACU
0_0_PecariTajacu_81.JPG,10,PECARI_TAJACU
0_0_PecariTajacu_83.JPG,10,PECARI_TAJACU
0_0_PecariTajacu_84.JPG,10,PECARI_TAJACU
0_1_PecariTajacu_84.JPG,10,PECARI_TAJACU
0_0_PecariTajacu_85.JPG,10,PECARI_TAJACU
0_1_PecariTajacu_85.JPG,10,PECARI_TAJACU
0_0_PecariTajacu_86.JPG,10,PECARI_TAJACU
0_1_PecariTajacu_86.JPG,10,PECARI_TAJACU
0_2_PecariTajacu_86.JPG,10,PECARI_TAJACU
0_0_PecariTajacu_89.JPG,10,PECARI_TAJACU
0_0_PecariTajacu_90.JPG,10,PECARI_TAJACU
0_1_PecariTajacu_90.JPG,10,PECARI_TAJACU
0_0_PecariTajacu_91.JPG,10,PECARI_TAJACU
0_0_PecariTajacu_93.JPG,10,PECARI_TAJACU
0_1_PecariTajacu_93.JPG,10,PECARI_TAJACU
0_2_PecariTajacu_93.JPG,10,PECARI_TAJACU
0_0_PecariTajacu_94.JPG,10,PECARI_TAJACU
0_0_PecariTajacu_95.JPG,10,PECARI_TAJACU
0_0_PecariTajacu_96.JPG,10,PECARI_TAJACU
0_1_PecariTajacu_96.JPG,10,PECARI_TAJACU
0_0_PecariTajacu_97.JPG,10,PECARI_TAJACU
0_0_PecariTajacu_98.JPG,10,PECARI_TAJACU
0_0_PecariTajacu_99.JPG,10,PECARI_TAJACU
0_0_PumaConcolor_01.JPG,11,PUMA_CONCOLOR
0_0_PumaConcolor_02.JPG,11,PUMA_CONCOLOR
0_0_PumaConcolor_04.JPG,11,PUMA_CONCOLOR
0_0_PumaConcolor_06.JPG,11,PUMA_CONCOLOR
0_0_PumaConcolor_08.JPG,11,PUMA_CONCOLOR
0_0_PumaConcolor_10.JPG,11,PUMA_CONCOLOR
0_0_PumaConcolor_102.JPG,11,PUMA_CONCOLOR
0_0_PumaConcolor_105.JPG,11,PUMA_CONCOLOR
0_0_PumaConcolor_108.JPG,11,PUMA_CONCOLOR
0_0_PumaConcolor_11.JPG,11,PUMA_CONCOLOR
0_0_PumaConcolor_113.JPG,11,PUMA_CONCOLOR
0_0_PumaConcolor_116.JPG,11,PUMA_CONCOLOR
0_0_PumaConcolor_118.JPG,11,PUMA_CONCOLOR
0_0_PumaConcolor_119.JPG,11,PUMA_CONCOLOR
0_0_PumaConcolor_12.JPG,11,PUMA_CONCOLOR
0_0_PumaConcolor_120.JPG,11,PUMA_CONCOLOR
0_0_PumaConcolor_124.JPG,11,PUMA_CONCOLOR
0_0_PumaConcolor_126.JPG,11,PUMA_CONCOLOR
0_0_PumaConcolor_127.JPG,11,PUMA_CONCOLOR
0_0_PumaConcolor_128.JPG,11,PUMA_CONCOLOR
0_0_PumaConcolor_13.JPG,11,PUMA_CONCOLOR
0_0_PumaConcolor_130.JPG,11,PUMA_CONCOLOR
0_0_PumaConcolor_131.JPG,11,PUMA_CONCOLOR
0_0_PumaConcolor_15.JPG,11,PUMA_CONCOLOR
0_0_PumaConcolor_17.JPG,11,PUMA_CONCOLOR
0_0_PumaConcolor_19.JPG,11,PUMA_CONCOLOR
0_0_PumaConcolor_20.JPG,11,PUMA_CONCOLOR
0_0_PumaConcolor_23.JPG,11,PUMA_CONCOLOR
0_0_PumaConcolor_24.JPG,11,PUMA_CONCOLOR
0_0_PumaConcolor_27.JPG,11,PUMA_CONCOLOR
0_0_PumaConcolor_28.JPG,11,PUMA_CONCOLOR
0_0_PumaConcolor_29.JPG,11,PUMA_CONCOLOR
0_0_PumaConcolor_31.JPG,11,PUMA_CONCOLOR
0_0_PumaConcolor_33.JPG,11,PUMA_CONCOLOR
0_0_PumaConcolor_34.JPG,11,PUMA_CONCOLOR
0_0_PumaConcolor_35.JPG,11,PUMA_CONCOLOR
0_0_PumaConcolor_36.JPG,11,PUMA_CONCOLOR
0_0_PumaConcolor_41.JPG,11,PUMA_CONCOLOR
0_0_PumaConcolor_45.JPG,11,PUMA_CONCOLOR
0_0_PumaConcolor_46.JPG,11,PUMA_CONCOLOR
0_1_PumaConcolor_46.JPG,11,PUMA_CONCOLOR
0_0_PumaConcolor_48.JPG,11,PUMA_CONCOLOR
0_0_PumaConcolor_49.JPG,11,PUMA_CONCOLOR
0_0_PumaConcolor_51.JPG,11,PUMA_CONCOLOR
0_0_PumaConcolor_53.JPG,11,PUMA_CONCOLOR
0_0_PumaConcolor_57.JPG,11,PUMA_CONCOLOR
0_0_PumaConcolor_61.JPG,11,PUMA_CONCOLOR
0_1_PumaConcolor_61.JPG,11,PUMA_CONCOLOR
0_0_PumaConcolor_62.JPG,11,PUMA_CONCOLOR
0_0_PumaConcolor_63.JPG,11,PUMA_CONCOLOR
0_0_PumaConcolor_65.JPG,11,PUMA_CONCOLOR
0_0_PumaConcolor_68.JPG,11,PUMA_CONCOLOR
0_1_PumaConcolor_68.JPG,11,PUMA_CONCOLOR
0_0_PumaConcolor_71.JPG,11,PUMA_CONCOLOR
0_0_PumaConcolor_72.JPG,11,PUMA_CONCOLOR
0_0_PumaConcolor_73.JPG,11,PUMA_CONCOLOR
0_0_PumaConcolor_74.JPG,11,PUMA_CONCOLOR
0_0_PumaConcolor_75.JPG,11,PUMA_CONCOLOR
0_0_PumaConcolor_79.JPG,11,PUMA_CONCOLOR
0_0_PumaConcolor_80.JPG,11,PUMA_CONCOLOR
0_0_PumaConcolor_81.JPG,11,PUMA_CONCOLOR
0_0_PumaConcolor_82.JPG,11,PUMA_CONCOLOR
0_0_PumaConcolor_83.JPG,11,PUMA_CONCOLOR
0_0_PumaConcolor_84.JPG,11,PUMA_CONCOLOR
0_0_PumaConcolor_89.JPG,11,PUMA_CONCOLOR
0_0_PumaConcolor_90.JPG,11,PUMA_CONCOLOR
0_0_PumaConcolor_91.JPG,11,PUMA_CONCOLOR
0_0_PumaConcolor_92.JPG,11,PUMA_CONCOLOR
0_0_PumaConcolor_93.JPG,11,PUMA_CONCOLOR
0_0_PumaConcolor_94.JPG,11,PUMA_CONCOLOR
0_0_PumaConcolor_96.JPG,11,PUMA_CONCOLOR
0_0_PumaConcolor_97.JPG,11,PUMA_CONCOLOR
0_0_PumaConcolor_98.JPG,11,PUMA_CONCOLOR
0_0_PumaConcolor_99.JPG,11,PUMA_CONCOLOR
0_0_SciurusOculatus_01.JPG,12,SCIURUS_OCOLATUS
0_0_SciurusOculatus_02.JPG,12,SCIURUS_OCOLATUS
0_0_SciurusOculatus_04.JPG,12,SCIURUS_OCOLATUS
0_0_SciurusOculatus_09.JPG,12,SCIURUS_OCOLATUS
0_0_SciurusOculatus_10.JPG,12,SCIURUS_OCOLATUS
0_1_SciurusOculatus_10.JPG,12,SCIURUS_OCOLATUS
0_0_SciurusOculatus_100.JPG,12,SCIURUS_OCOLATUS
0_0_SciurusOculatus_101.JPG,12,SCIURUS_OCOLATUS
0_0_SciurusOculatus_102.JPG,12,SCIURUS_OCOLATUS
0_0_SciurusOculatus_103.JPG,12,SCIURUS_OCOLATUS
0_0_SciurusOculatus_104.JPG,12,SCIURUS_OCOLATUS
0_0_SciurusOculatus_107.JPG,12,SCIURUS_OCOLATUS
0_1_SciurusOculatus_107.JPG,12,SCIURUS_OCOLATUS
0_2_SciurusOculatus_107.JPG,12,SCIURUS_OCOLATUS
0_0_SciurusOculatus_108.JPG,12,SCIURUS_OCOLATUS
0_0_SciurusOculatus_109.JPG,12,SCIURUS_OCOLATUS
1_0_SciurusOculatus_11.JPG,12,SCIURUS_OCOLATUS
0_0_SciurusOculatus_112.JPG,12,SCIURUS_OCOLATUS
0_0_SciurusOculatus_116.JPG,12,SCIURUS_OCOLATUS
0_0_SciurusOculatus_117.JPG,12,SCIURUS_OCOLATUS
0_0_SciurusOculatus_118.JPG,12,SCIURUS_OCOLATUS
0_0_SciurusOculatus_119.JPG,12,SCIURUS_OCOLATUS
0_0_SciurusOculatus_123.JPG,12,SCIURUS_OCOLATUS
0_0_SciurusOculatus_125.JPG,12,SCIURUS_OCOLATUS
0_0_SciurusOculatus_127.JPG,12,SCIURUS_OCOLATUS
0_0_SciurusOculatus_134.JPG,12,SCIURUS_OCOLATUS
0_0_SciurusOculatus_136.JPG,12,SCIURUS_OCOLATUS
0_0_SciurusOculatus_147.JPG,12,SCIURUS_OCOLATUS
0_0_SciurusOculatus_148.JPG,12,SCIURUS_OCOLATUS
0_0_SciurusOculatus_16.JPG,12,SCIURUS_OCOLATUS
0_1_SciurusOculatus_16.JPG,12,SCIURUS_OCOLATUS
0_0_SciurusOculatus_17.JPG,12,SCIURUS_OCOLATUS
0_0_SciurusOculatus_18.JPG,12,SCIURUS_OCOLATUS
0_1_SciurusOculatus_18.JPG,12,SCIURUS_OCOLATUS
0_0_SciurusOculatus_19.JPG,12,SCIURUS_OCOLATUS
0_1_SciurusOculatus_19.JPG,12,SCIURUS_OCOLATUS
0_2_SciurusOculatus_19.JPG,12,SCIURUS_OCOLATUS
0_0_SciurusOculatus_24.JPG,12,SCIURUS_OCOLATUS
0_1_SciurusOculatus_24.JPG,12,SCIURUS_OCOLATUS
0_0_SciurusOculatus_25.JPG,12,SCIURUS_OCOLATUS
0_0_SciurusOculatus_33.JPG,12,SCIURUS_OCOLATUS
0_0_SciurusOculatus_40.JPG,12,SCIURUS_OCOLATUS
0_0_SciurusOculatus_41.JPG,12,SCIURUS_OCOLATUS
0_1_SciurusOculatus_41.JPG,12,SCIURUS_OCOLATUS
0_0_SciurusOculatus_44.JPG,12,SCIURUS_OCOLATUS
0_0_SciurusOculatus_46.JPG,12,SCIURUS_OCOLATUS
0_0_SciurusOculatus_48.JPG,12,SCIURUS_OCOLATUS
0_1_SciurusOculatus_48.JPG,12,SCIURUS_OCOLATUS
0_0_SciurusOculatus_49.JPG,12,SCIURUS_OCOLATUS
0_0_SciurusOculatus_52.JPG,12,SCIURUS_OCOLATUS
0_0_SciurusOculatus_54.JPG,12,SCIURUS_OCOLATUS
0_0_SciurusOculatus_56.JPG,12,SCIURUS_OCOLATUS
0_0_SciurusOculatus_59.JPG,12,SCIURUS_OCOLATUS
0_0_SciurusOculatus_61.JPG,12,SCIURUS_OCOLATUS
0_0_SciurusOculatus_66.JPG,12,SCIURUS_OCOLATUS
0_0_SciurusOculatus_68.JPG,12,SCIURUS_OCOLATUS
0_0_SciurusOculatus_69.JPG,12,SCIURUS_OCOLATUS
0_0_SciurusOculatus_71.JPG,12,SCIURUS_OCOLATUS
0_0_SciurusOculatus_74.JPG,12,SCIURUS_OCOLATUS
0_0_SciurusOculatus_75.JPG,12,SCIURUS_OCOLATUS
0_0_SciurusOculatus_76.JPG,12,SCIURUS_OCOLATUS
0_0_SciurusOculatus_77.JPG,12,SCIURUS_OCOLATUS
0_0_SciurusOculatus_79.JPG,12,SCIURUS_OCOLATUS
0_0_SciurusOculatus_80.JPG,12,SCIURUS_OCOLATUS
0_0_SciurusOculatus_81.JPG,12,SCIURUS_OCOLATUS
0_0_SciurusOculatus_82.JPG,12,SCIURUS_OCOLATUS
0_0_SciurusOculatus_83.JPG,12,SCIURUS_OCOLATUS
0_0_SciurusOculatus_84.JPG,12,SCIURUS_OCOLATUS
0_1_SciurusOculatus_84.JPG,12,SCIURUS_OCOLATUS
0_0_SciurusOculatus_85.JPG,12,SCIURUS_OCOLATUS
0_0_SciurusOculatus_88.JPG,12,SCIURUS_OCOLATUS
0_0_SciurusOculatus_92.JPG,12,SCIURUS_OCOLATUS
0_0_SciurusOculatus_93.JPG,12,SCIURUS_OCOLATUS
0_0_SciurusOculatus_95.JPG,12,SCIURUS_OCOLATUS
0_0_SciurusOculatus_97.JPG,12,SCIURUS_OCOLATUS
0_0_SciurusOculatus_99.JPG,12,SCIURUS_OCOLATUS
0_0_SpilogaleGracilis_02.JPG,13,SPILOGALE_GRACILIS
0_1_SpilogaleGracilis_02.JPG,13,SPILOGALE_GRACILIS
0_0_SpilogaleGracilis_03.JPG,13,SPILOGALE_GRACILIS
0_0_SpilogaleGracilis_05.JPG,13,SPILOGALE_GRACILIS
0_0_SpilogaleGracilis_09.JPG,13,SPILOGALE_GRACILIS
0_0_SpilogaleGracilis_10.JPG,13,SPILOGALE_GRACILIS
0_0_SpilogaleGracilis_105.JPG,13,SPILOGALE_GRACILIS
0_1_SpilogaleGracilis_105.JPG,13,SPILOGALE_GRACILIS
0_2_SpilogaleGracilis_105.JPG,13,SPILOGALE_GRACILIS
0_0_SpilogaleGracilis_106.JPG,13,SPILOGALE_GRACILIS
0_0_SpilogaleGracilis_107.JPG,13,SPILOGALE_GRACILIS
0_0_SpilogaleGracilis_109.JPG,13,SPILOGALE_GRACILIS
0_0_SpilogaleGracilis_113.JPG,13,SPILOGALE_GRACILIS
0_0_SpilogaleGracilis_114.JPG,13,SPILOGALE_GRACILIS
0_0_SpilogaleGracilis_119.JPG,13,SPILOGALE_GRACILIS
0_0_SpilogaleGracilis_120.JPG,13,SPILOGALE_GRACILIS
0_1_SpilogaleGracilis_120.JPG,13,SPILOGALE_GRACILIS
0_0_SpilogaleGracilis_124.JPG,13,SPILOGALE_GRACILIS
0_0_SpilogaleGracilis_125.JPG,13,SPILOGALE_GRACILIS
0_1_SpilogaleGracilis_125.JPG,13,SPILOGALE_GRACILIS
0_0_SpilogaleGracilis_126.JPG,13,SPILOGALE_GRACILIS
0_0_SpilogaleGracilis_130.JPG,13,SPILOGALE_GRACILIS
0_1_SpilogaleGracilis_130.JPG,13,SPILOGALE_GRACILIS
0_0_SpilogaleGracilis_131.JPG,13,SPILOGALE_GRACILIS
0_0_SpilogaleGracilis_132.JPG,13,SPILOGALE_GRACILIS
0_0_SpilogaleGracilis_133.JPG,13,SPILOGALE_GRACILIS
0_0_SpilogaleGracilis_135.JPG,13,SPILOGALE_GRACILIS
0_0_SpilogaleGracilis_137.JPG,13,SPILOGALE_GRACILIS
0_0_SpilogaleGracilis_138.JPG,13,SPILOGALE_GRACILIS
0_1_SpilogaleGracilis_138.JPG,13,SPILOGALE_GRACILIS
1_0_SpilogaleGracilis_142.JPG,13,SPILOGALE_GRACILIS
0_1_SpilogaleGracilis_142.JPG,13,SPILOGALE_GRACILIS
0_0_SpilogaleGracilis_143.JPG,13,SPILOGALE_GRACILIS
0_0_SpilogaleGracilis_15.JPG,13,SPILOGALE_GRACILIS
0_0_SpilogaleGracilis_17.JPG,13,SPILOGALE_GRACILIS
0_1_SpilogaleGracilis_17.JPG,13,SPILOGALE_GRACILIS
0_0_SpilogaleGracilis_18.JPG,13,SPILOGALE_GRACILIS
0_0_SpilogaleGracilis_19.JPG,13,SPILOGALE_GRACILIS
0_0_SpilogaleGracilis_20.JPG,13,SPILOGALE_GRACILIS
0_0_SpilogaleGracilis_23.JPG,13,SPILOGALE_GRACILIS
0_0_SpilogaleGracilis_24.JPG,13,SPILOGALE_GRACILIS
0_0_SpilogaleGracilis_28.JPG,13,SPILOGALE_GRACILIS
0_0_SpilogaleGracilis_31.JPG,13,SPILOGALE_GRACILIS
0_0_SpilogaleGracilis_37.JPG,13,SPILOGALE_GRACILIS
0_0_SpilogaleGracilis_39.JPG,13,SPILOGALE_GRACILIS
0_1_SpilogaleGracilis_39.JPG,13,SPILOGALE_GRACILIS
0_0_SpilogaleGracilis_40.JPG,13,SPILOGALE_GRACILIS
0_0_SpilogaleGracilis_41.JPG,13,SPILOGALE_GRACILIS
0_0_SpilogaleGracilis_42.JPG,13,SPILOGALE_GRACILIS
0_0_SpilogaleGracilis_46.JPG,13,SPILOGALE_GRACILIS
0_0_SpilogaleGracilis_47.JPG,13,SPILOGALE_GRACILIS
0_0_SpilogaleGracilis_48.JPG,13,SPILOGALE_GRACILIS
0_0_SpilogaleGracilis_49.JPG,13,SPILOGALE_GRACILIS
0_0_SpilogaleGracilis_54.JPG,13,SPILOGALE_GRACILIS
0_0_SpilogaleGracilis_56.JPG,13,SPILOGALE_GRACILIS
0_0_SpilogaleGracilis_58.JPG,13,SPILOGALE_GRACILIS
0_0_SpilogaleGracilis_59.JPG,13,SPILOGALE_GRACILIS
0_0_SpilogaleGracilis_64.JPG,13,SPILOGALE_GRACILIS
0_0_SpilogaleGracilis_68.JPG,13,SPILOGALE_GRACILIS
0_1_SpilogaleGracilis_68.JPG,13,SPILOGALE_GRACILIS
0_0_SpilogaleGracilis_69.JPG,13,SPILOGALE_GRACILIS
0_0_SpilogaleGracilis_70.JPG,13,SPILOGALE_GRACILIS
0_1_SpilogaleGracilis_70.JPG,13,SPILOGALE_GRACILIS
0_0_SpilogaleGracilis_72.JPG,13,SPILOGALE_GRACILIS
0_0_SpilogaleGracilis_75.JPG,13,SPILOGALE_GRACILIS
0_0_SpilogaleGracilis_80.JPG,13,SPILOGALE_GRACILIS
0_0_SpilogaleGracilis_81.JPG,13,SPILOGALE_GRACILIS
0_1_SpilogaleGracilis_81.JPG,13,SPILOGALE_GRACILIS
0_0_SpilogaleGracilis_85.JPG,13,SPILOGALE_GRACILIS
0_0_SpilogaleGracilis_87.JPG,13,SPILOGALE_GRACILIS
0_0_SpilogaleGracilis_88.JPG,13,SPILOGALE_GRACILIS
0_0_SpilogaleGracilis_89.JPG,13,SPILOGALE_GRACILIS
0_0_SpilogaleGracilis_90.JPG,13,SPILOGALE_GRACILIS
0_0_SpilogaleGracilis_92.JPG,13,SPILOGALE_GRACILIS
0_0_SpilogaleGracilis_93.JPG,13,SPILOGALE_GRACILIS
0_0_SpilogaleGracilis_94.JPG,13,SPILOGALE_GRACILIS
0_0_SpilogaleGracilis_96.JPG,13,SPILOGALE_GRACILIS
0_0_SpilogaleGracilis_98.JPG,13,SPILOGALE_GRACILIS
0_0_UrocyonCinereoargenteus_06.JPG,15,UROCYON_CINEREORGENTEUS
0_0_UrocyonCinereoargenteus_100.JPG,15,UROCYON_CINEREORGENTEUS
0_0_UrocyonCinereoargenteus_102.JPG,15,UROCYON_CINEREORGENTEUS
0_0_UrocyonCinereoargenteus_103.JPG,15,UROCYON_CINEREORGENTEUS
0_0_UrocyonCinereoargenteus_105.JPG,15,UROCYON_CINEREORGENTEUS
0_0_UrocyonCinereoargenteus_106.JPG,15,UROCYON_CINEREORGENTEUS
0_0_UrocyonCinereoargenteus_107.JPG,15,UROCYON_CINEREORGENTEUS
0_0_UrocyonCinereoargenteus_108.JPG,15,UROCYON_CINEREORGENTEUS
0_0_UrocyonCinereoargenteus_109.JPG,15,UROCYON_CINEREORGENTEUS
0_0_UrocyonCinereoargenteus_11.JPG,15,UROCYON_CINEREORGENTEUS
0_0_UrocyonCinereoargenteus_111.JPG,15,UROCYON_CINEREORGENTEUS
0_0_UrocyonCinereoargenteus_114.JPG,15,UROCYON_CINEREORGENTEUS
0_0_UrocyonCinereoargenteus_115.JPG,15,UROCYON_CINEREORGENTEUS
0_0_UrocyonCinereoargenteus_116.JPG,15,UROCYON_CINEREORGENTEUS
0_1_UrocyonCinereoargenteus_116.JPG,15,UROCYON_CINEREORGENTEUS
0_0_UrocyonCinereoargenteus_118.JPG,15,UROCYON_CINEREORGENTEUS
0_0_UrocyonCinereoargenteus_12.JPG,15,UROCYON_CINEREORGENTEUS
0_0_UrocyonCinereoargenteus_120.JPG,15,UROCYON_CINEREORGENTEUS
0_0_UrocyonCinereoargenteus_121.JPG,15,UROCYON_CINEREORGENTEUS
0_0_UrocyonCinereoargenteus_123.JPG,15,UROCYON_CINEREORGENTEUS
0_0_UrocyonCinereoargenteus_125.JPG,15,UROCYON_CINEREORGENTEUS
0_0_UrocyonCinereoargenteus_127.JPG,15,UROCYON_CINEREORGENTEUS
0_0_UrocyonCinereoargenteus_128.JPG,15,UROCYON_CINEREORGENTEUS
0_0_UrocyonCinereoargenteus_131.JPG,15,UROCYON_CINEREORGENTEUS
0_0_UrocyonCinereoargenteus_133.JPG,15,UROCYON_CINEREORGENTEUS
0_0_UrocyonCinereoargenteus_134.JPG,15,UROCYON_CINEREORGENTEUS
0_0_UrocyonCinereoargenteus_135.JPG,15,UROCYON_CINEREORGENTEUS
0_0_UrocyonCinereoargenteus_136.JPG,15,UROCYON_CINEREORGENTEUS
0_0_UrocyonCinereoargenteus_137.JPG,15,UROCYON_CINEREORGENTEUS
0_0_UrocyonCinereoargenteus_139.JPG,15,UROCYON_CINEREORGENTEUS
0_0_UrocyonCinereoargenteus_140.JPG,15,UROCYON_CINEREORGENTEUS
0_0_UrocyonCinereoargenteus_142.JPG,15,UROCYON_CINEREORGENTEUS
0_0_UrocyonCinereoargenteus_145.JPG,15,UROCYON_CINEREORGENTEUS
0_0_UrocyonCinereoargenteus_146.JPG,15,UROCYON_CINEREORGENTEUS
0_0_UrocyonCinereoargenteus_147.JPG,15,UROCYON_CINEREORGENTEUS
0_0_UrocyonCinereoargenteus_148.JPG,15,UROCYON_CINEREORGENTEUS
0_0_UrocyonCinereoargenteus_149.JPG,15,UROCYON_CINEREORGENTEUS
0_0_UrocyonCinereoargenteus_150.JPG,15,UROCYON_CINEREORGENTEUS
0_0_UrocyonCinereoargenteus_21.JPG,15,UROCYON_CINEREORGENTEUS
0_0_UrocyonCinereoargenteus_22.JPG,15,UROCYON_CINEREORGENTEUS
0_1_UrocyonCinereoargenteus_22.JPG,15,UROCYON_CINEREORGENTEUS
0_0_UrocyonCinereoargenteus_23.JPG,15,UROCYON_CINEREORGENTEUS
0_0_UrocyonCinereoargenteus_25.JPG,15,UROCYON_CINEREORGENTEUS
0_1_UrocyonCinereoargenteus_25.JPG,15,UROCYON_CINEREORGENTEUS
0_0_UrocyonCinereoargenteus_27.JPG,15,UROCYON_CINEREORGENTEUS
0_0_UrocyonCinereoargenteus_31.JPG,15,UROCYON_CINEREORGENTEUS
0_0_UrocyonCinereoargenteus_32.JPG,15,UROCYON_CINEREORGENTEUS
0_1_UrocyonCinereoargenteus_32.JPG,15,UROCYON_CINEREORGENTEUS
0_0_UrocyonCinereoargenteus_33.JPG,15,UROCYON_CINEREORGENTEUS
0_1_UrocyonCinereoargenteus_33.JPG,15,UROCYON_CINEREORGENTEUS
0_0_UrocyonCinereoargenteus_39.JPG,15,UROCYON_CINEREORGENTEUS
0_0_UrocyonCinereoargenteus_44.JPG,15,UROCYON_CINEREORGENTEUS
0_0_UrocyonCinereoargenteus_45.JPG,15,UROCYON_CINEREORGENTEUS
0_0_UrocyonCinereoargenteus_46.JPG,15,UROCYON_CINEREORGENTEUS
0_0_UrocyonCinereoargenteus_48.JPG,15,UROCYON_CINEREORGENTEUS
0_0_UrocyonCinereoargenteus_49.JPG,15,UROCYON_CINEREORGENTEUS
0_0_UrocyonCinereoargenteus_52.JPG,15,UROCYON_CINEREORGENTEUS
0_0_UrocyonCinereoargenteus_55.JPG,15,UROCYON_CINEREORGENTEUS
0_0_UrocyonCinereoargenteus_62.JPG,15,UROCYON_CINEREORGENTEUS
0_0_UrocyonCinereoargenteus_68.JPG,15,UROCYON_CINEREORGENTEUS
0_1_UrocyonCinereoargenteus_68.JPG,15,UROCYON_CINEREORGENTEUS
0_2_UrocyonCinereoargenteus_68.JPG,15,UROCYON_CINEREORGENTEUS
0_0_UrocyonCinereoargenteus_72.JPG,15,UROCYON_CINEREORGENTEUS
0_1_UrocyonCinereoargenteus_72.JPG,15,UROCYON_CINEREORGENTEUS
0_0_UrocyonCinereoargenteus_80.JPG,15,UROCYON_CINEREORGENTEUS
0_0_UrocyonCinereoargenteus_82.JPG,15,UROCYON_CINEREORGENTEUS
0_0_UrocyonCinereoargenteus_83.JPG,15,UROCYON_CINEREORGENTEUS
0_0_UrocyonCinereoargenteus_84.JPG,15,UROCYON_CINEREORGENTEUS
0_0_UrocyonCinereoargenteus_85.JPG,15,UROCYON_CINEREORGENTEUS
0_0_UrocyonCinereoargenteus_87.JPG,15,UROCYON_CINEREORGENTEUS
0_0_UrocyonCinereoargenteus_88.JPG,15,UROCYON_CINEREORGENTEUS
0_0_UrocyonCinereoargenteus_89.JPG,15,UROCYON_CINEREORGENTEUS
0_0_UrocyonCinereoargenteus_96.JPG,15,UROCYON_CINEREORGENTEUS
0_0_UrocyonCinereoargenteus_98.JPG,15,UROCYON_CINEREORGENTEUS
0_0_UrocyonCinereoargenteus_99.JPG,15,UROCYON_CINEREORGENTEUS
